Rk,Player,Tm,FantPos,Age,Games_G,Games_GS,Passing_Cmp,Passing_Att,Passing_Yds,Passing_TD,Passing_Int,Rushing_Att,Rushing_Yds,Rushing_Y/A,Rushing_TD,Receiving_Tgt,Receiving_Rec,Receiving_Yds,Receiving_Y/R,Receiving_TD,Fumbles_Fmb,Fumbles_FL,Scoring_TD,Scoring_2PM,Scoring_2PP,Fantasy_FantPt,Fantasy_PPR,Fantasy_DKPt,Fantasy_FDPt,Fantasy_VBD,Fantasy_PosRank,Fantasy_OvRank,Player_fixed,player_clean,POS,POS_group,team,year,PPR_rank_year,ppr_percentile_overall,ppr_percentile_pos
1,Jonathan Taylor*+,IND,RB,22,17,17,0,0,0,0,0,332,1811,5.45,18,51,40,360,9.0,2,4,2,20,,,333,373.1,381.1,353.1,176.0,1,1.0,Jonathan Taylor,jonathan taylor,RB,RB,IND,2021,5.0,0.9919678714859438,1.0
2,Cooper Kupp*+,LAR,WR,28,17,17,0,1,0,0,0,4,18,4.5,0,191,145,1947,13.43,16,0,0,16,1.0,,295,439.5,442.5,367.0,163.0,1,2.0,Cooper Kupp,cooper kupp,WR,WR,LAR,2021,1.0,1.0,1.0
3,Deebo Samuel*+,SFO,WR,25,16,15,1,2,24,1,0,59,365,6.19,8,121,77,1405,18.25,6,4,2,14,,,262,339.0,347.0,300.5,132.0,2,3.0,Deebo Samuel,deebo samuel,WR,WR,SFO,2021,9.0,0.9839357429718876,0.9959595959595959
4,Josh Allen,BUF,QB,25,17,17,409,646,4407,36,15,122,763,6.25,6,0,0,0,,0,8,3,6,2.0,1.0,403,402.6,426.6,417.6,126.0,1,4.0,Josh Allen,josh allen,QB,QB,BUF,2021,2.0,0.9979919678714859,1.0
5,Austin Ekeler,LAC,RB,26,16,16,0,0,0,0,0,206,911,4.42,12,94,70,647,9.24,8,4,3,20,2.0,,274,343.8,352.8,308.8,120.0,2,5.0,Austin Ekeler,austin ekeler,RB,RB,LAC,2021,8.0,0.9859437751004017,0.9979879275653923
6,Justin Herbert*,LAC,QB,23,17,17,443,672,5014,38,15,63,302,4.79,3,0,0,0,,0,1,1,3,1.0,5.0,381,380.8,402.8,395.8,106.0,2,6.0,Justin Herbert,justin herbert,QB,QB,LAC,2021,3.0,0.9959839357429718,0.9979919678714859
7,Tom Brady*,TAM,QB,44,17,17,485,719,5316,43,12,28,81,2.89,2,0,0,0,,0,4,3,2,,,375,374.7,392.7,386.7,100.0,3,7.0,Tom Brady,tom brady,QB,QB,TAM,2021,4.0,0.9939759036144579,0.9959839357429718
8,Ja'Marr Chase*,CIN,WR,21,17,17,0,0,0,0,0,7,21,3.0,0,128,81,1455,17.96,13,2,1,13,,,224,304.6,308.6,264.1,96.0,3,8.0,Ja'Marr Chase,jamarr chase,WR,WR,CIN,2021,16.0,0.9698795180722891,0.9919191919191919
9,Mark Andrews*+,BAL,TE,26,17,9,0,0,0,0,0,1,0,0.0,0,153,107,1361,12.72,9,1,0,9,2.0,,194,301.1,304.1,247.6,96.0,1,9.0,Mark Andrews,mark andrews,TE,TE,BAL,2021,17.0,0.9678714859437751,1.0
10,Justin Jefferson*,MIN,WR,22,17,17,2,4,35,0,0,6,14,2.33,0,167,108,1616,14.96,10,1,1,10,,,222,330.4,334.4,276.4,95.0,4,10.0,Justin Jefferson,justin jefferson,WR,WR,MIN,2021,11.0,0.9799196787148594,0.9939393939393939
11,Joe Mixon*,CIN,RB,25,16,16,0,0,0,0,0,292,1205,4.13,13,48,42,314,7.48,3,2,1,16,,,246,287.9,294.9,266.9,94.0,3,11.0,Joe Mixon,joe mixon,RB,RB,CIN,2021,22.0,0.9578313253012049,0.993963782696177
12,Davante Adams*+,GNB,WR,29,16,16,0,0,0,0,0,0,0,,0,169,123,1553,12.63,11,0,0,11,,,221,344.3,347.3,282.8,94.0,5,12.0,Davante Adams,davante adams,WR,WR,GNB,2021,7.0,0.9879518072289156,0.997979797979798
13,Patrick Mahomes*,KAN,QB,26,17,17,436,658,4839,37,13,66,381,5.77,2,0,0,0,,0,9,4,2,1.0,1.0,362,361.7,384.7,374.7,88.0,4,13.0,Patrick Mahomes,patrick mahomes,QB,QB,KAN,2021,6.0,0.9899598393574297,0.9939759036144579
14,Najee Harris*,PIT,RB,23,17,17,0,0,0,0,0,307,1200,3.91,7,94,74,467,6.31,3,0,0,10,,,227,300.7,306.7,263.7,76.0,4,14.0,Najee Harris,najee harris,RB,RB,PIT,2021,18.0,0.9658634538152611,0.9959758551307847
15,Travis Kelce*,KAN,TE,32,16,16,0,0,0,0,0,2,3,1.5,1,134,92,1125,12.23,9,1,1,10,,,171,262.8,266.8,216.8,74.0,2,15.0,Travis Kelce,travis kelce,TE,TE,KAN,2021,26.0,0.9497991967871486,0.9979633401221996
16,James Conner*,ARI,RB,26,15,6,0,0,0,0,0,202,752,3.72,15,39,37,375,10.14,3,2,0,18,,,221,257.7,263.7,239.2,70.0,5,16.0,James Conner,james conner,RB,RB,ARI,2021,31.0,0.9397590361445783,0.9919517102615694
17,Mike Evans*,TAM,WR,28,16,16,0,0,0,0,0,1,10,10.0,0,114,74,1035,13.99,14,0,0,14,,,189,262.5,265.5,225.5,63.0,6,17.0,Mike Evans,mike evans,WR,WR,TAM,2021,27.0,0.9477911646586346,0.9838383838383838
18,Aaron Rodgers*+,GNB,QB,38,16,16,366,531,4115,37,4,33,101,3.06,3,1,1,-4,-4.0,0,3,0,3,,,332,333.3,343.3,336.8,60.0,5,18.0,Aaron Rodgers,aaron rodgers,QB,QB,GNB,2021,10.0,0.9819277108433735,0.9919678714859438
19,Tyreek Hill*,KAN,WR,27,17,16,0,0,0,0,0,9,96,10.67,0,159,111,1239,11.16,9,2,1,9,,,186,296.5,300.5,241.0,60.0,7,19.0,Tyreek Hill,tyreek hill,WR,WR,KAN,2021,21.0,0.9598393574297188,0.98989898989899
20,Matthew Stafford,LAR,QB,33,17,17,404,601,4886,41,17,32,43,1.34,0,0,0,0,,0,5,2,0,,2.0,330,329.7,351.7,346.7,58.0,6,20.0,Matthew Stafford,matthew stafford,QB,QB,LAR,2021,12.0,0.9779116465863453,0.9899598393574297
21,Stefon Diggs*,BUF,WR,28,17,17,0,0,0,0,0,0,0,,0,164,103,1225,11.89,10,1,0,10,,,183,285.5,288.5,234.0,57.0,8,21.0,Stefon Diggs,stefon diggs,WR,WR,BUF,2021,23.0,0.9558232931726908,0.9878787878787879
22,Ezekiel Elliott,DAL,RB,26,17,17,1,1,4,0,0,237,1002,4.23,10,65,47,287,6.11,2,1,1,12,3.0,,205,252.1,259.1,228.6,56.0,6,22.0,Ezekiel Elliott,ezekiel elliott,RB,RB,DAL,2021,34.0,0.9337349397590361,0.9879275653923542
23,Dak Prescott,DAL,QB,28,16,16,410,596,4449,37,10,48,146,3.04,1,0,0,0,,0,14,6,1,1.0,2.0,321,320.6,342.6,330.6,49.0,7,23.0,Dak Prescott,dak prescott,QB,QB,DAL,2021,13.0,0.9759036144578314,0.9879518072289156
24,Nick Chubb*,CLE,RB,26,14,14,0,0,0,0,0,228,1259,5.52,8,25,20,174,8.7,1,2,1,9,,,195,215.3,222.3,205.3,46.0,7,24.0,Nick Chubb,nick chubb,RB,RB,CLE,2021,60.0,0.8815261044176707,0.9758551307847082
25,Mike Williams,LAC,WR,27,16,14,0,0,0,0,0,0,0,,0,129,76,1146,15.08,9,0,0,9,1.0,,171,246.6,249.6,208.6,46.0,9,25.0,Mike Williams,mike williams,WR,WR,LAC,2021,35.0,0.9317269076305221,0.9777777777777777
26,D.K. Metcalf,SEA,WR,24,17,17,0,0,0,0,0,1,6,6.0,0,129,75,967,12.89,12,1,0,12,,,169,244.3,247.3,206.8,45.0,10,26.0,D.K. Metcalf,dk metcalf,WR,WR,SEA,2021,37.0,0.927710843373494,0.9737373737373738
27,Tyler Lockett,SEA,WR,29,16,16,0,0,0,0,0,2,9,4.5,0,107,73,1175,16.1,8,0,0,8,1.0,,168,241.4,244.4,204.9,44.0,11,27.0,Tyler Lockett,tyler lockett,WR,WR,SEA,2021,40.0,0.9216867469879518,0.9696969696969697
28,Joe Burrow,CIN,QB,25,16,16,366,520,4611,34,14,40,118,2.95,2,0,0,0,,0,5,2,2,,1.0,314,314.2,336.2,328.2,43.0,8,28.0,Joe Burrow,joe burrow,QB,QB,CIN,2021,14.0,0.9738955823293173,0.9859437751004017
29,Damien Harris,NWE,RB,24,15,15,0,0,0,0,0,202,929,4.6,15,21,18,132,7.33,0,2,2,15,,,192,210.1,218.1,201.1,43.0,8,29.0,Damien Harris,damien harris,RB,RB,NWE,2021,62.0,0.8775100401606426,0.9738430583501007
30,Diontae Johnson*,PIT,WR,25,16,14,0,0,0,0,0,5,53,10.6,0,169,107,1161,10.85,8,2,2,8,1.0,,167,274.4,279.4,220.9,43.0,12,30.0,Diontae Johnson,diontae johnson,WR,WR,PIT,2021,24.0,0.9538152610441767,0.9858585858585859
31,Jalen Hurts,PHI,QB,23,15,15,265,432,3144,16,9,139,784,5.64,10,1,0,0,,0,9,2,10,,3.0,312,312.2,329.2,321.2,41.0,9,31.0,Jalen Hurts,jalen hurts,QB,QB,PHI,2021,15.0,0.9718875502008032,0.9839357429718876
32,Alvin Kamara*,NOR,RB,26,13,10,0,0,0,0,0,240,898,3.74,4,67,47,439,9.34,5,0,0,9,,,188,234.7,240.7,211.2,39.0,9,32.0,Alvin Kamara,alvin kamara,RB,RB,NOR,2021,44.0,0.9136546184738956,0.9859154929577465
33,Antonio Gibson,WAS,RB,23,16,14,0,0,0,0,0,258,1037,4.02,7,52,42,294,7.0,3,6,4,10,1.0,,187,229.1,239.1,208.1,39.0,10,33.0,Antonio Gibson,antonio gibson,RB,RB,WAS,2021,48.0,0.9056224899598394,0.9818913480885312
34,Leonard Fournette,TAM,RB,26,14,13,0,1,0,0,0,180,812,4.51,8,84,69,454,6.58,2,1,0,10,,,187,255.6,261.6,221.1,38.0,11,34.0,Leonard Fournette,leonard fournette,RB,RB,TAM,2021,33.0,0.9357429718875502,0.9899396378269618
35,Dalton Schultz,DAL,TE,25,17,15,0,0,0,0,0,0,0,,0,104,78,808,10.36,8,0,0,8,1.0,,131,208.8,211.8,169.8,37.0,3,35.0,Dalton Schultz,dalton schultz,TE,TE,DAL,2021,64.0,0.8734939759036144,0.9959266802443992
36,Cordarrelle Patterson,ATL,RB,30,16,13,0,1,0,0,0,153,618,4.04,6,69,52,548,10.54,5,2,0,11,,,183,234.6,240.6,208.6,34.0,12,36.0,Cordarrelle Patterson,cordarrelle patterson,RB,RB,ATL,2021,45.0,0.9116465863453815,0.9839034205231388
37,George Kittle*,SFO,TE,28,14,14,0,0,0,0,0,3,20,6.67,0,94,71,910,12.82,6,2,1,6,,,127,198.0,202.0,162.5,33.0,4,37.0,George Kittle,george kittle,TE,TE,SFO,2021,72.0,0.857429718875502,0.9938900203665988
38,Hunter Renfrow*,LVR,WR,26,17,9,0,0,0,0,0,3,3,1.0,0,128,103,1038,10.08,9,5,1,9,,,156,259.1,263.1,207.6,32.0,13,38.0,Hunter Renfrow,hunter renfrow,WR,WR,LVR,2021,28.0,0.9457831325301205,0.9818181818181818
39,Kyler Murray*,ARI,QB,24,14,14,333,481,3787,24,10,88,423,4.81,5,0,0,7,,0,13,0,5,,,300,300.5,316.5,310.5,30.0,10,39.0,Kyler Murray,kyler murray,QB,QB,ARI,2021,19.0,0.963855421686747,0.9819277108433735
40,Kirk Cousins*,MIN,QB,33,16,16,372,561,4221,33,7,29,115,3.97,1,0,0,0,,0,12,2,1,,,300,300.3,315.3,307.3,30.0,11,40.0,Kirk Cousins,kirk cousins,QB,QB,MIN,2021,20.0,0.9618473895582329,0.9799196787148594
41,CeeDee Lamb*,DAL,WR,22,16,13,0,0,0,0,0,9,76,8.44,0,120,79,1102,13.95,6,0,0,6,,,154,232.8,235.8,193.3,30.0,14,41.0,CeeDee Lamb,ceedee lamb,WR,WR,DAL,2021,46.0,0.9096385542168675,0.9636363636363636
42,Aaron Jones,GNB,RB,27,15,15,0,0,0,0,0,171,799,4.67,4,65,52,391,7.52,6,2,1,10,,,177,229.0,236.0,203.0,29.0,13,42.0,Aaron Jones,aaron jones,RB,RB,GNB,2021,49.0,0.9036144578313253,0.9798792756539235
43,Derrick Henry,TEN,RB,27,8,8,1,1,5,1,0,219,937,4.28,10,20,18,154,8.56,0,1,0,10,1.0,,175,193.3,199.3,184.3,28.0,14,43.0,Derrick Henry,derrick henry,RB,RB,TEN,2021,78.0,0.8453815261044176,0.9577464788732395
44,Keenan Allen*,LAC,WR,29,16,16,0,1,0,0,0,0,0,,0,157,106,1138,10.74,6,1,0,6,,1.0,152,257.8,260.8,204.8,28.0,15,44.0,Keenan Allen,keenan allen,WR,WR,LAC,2021,30.0,0.9417670682730923,0.9797979797979798
45,Michael Pittman Jr.,IND,WR,24,17,17,0,0,0,0,0,5,44,8.8,0,129,88,1082,12.3,6,1,0,6,1.0,,151,238.6,241.6,194.6,27.0,16,45.0,Michael Pittman Jr.,michael pittman jr,WR,WR,IND,2021,42.0,0.9176706827309237,0.9676767676767677
46,Dalvin Cook*,MIN,RB,26,13,13,0,0,0,0,0,249,1159,4.65,6,49,34,224,6.59,0,3,2,6,1.0,,172,206.3,214.3,189.3,25.0,15,46.0,Dalvin Cook,dalvin cook,RB,RB,MIN,2021,66.0,0.8694779116465863,0.9698189134808853
47,Josh Jacobs,LVR,RB,23,15,14,0,0,0,0,0,217,872,4.02,9,64,54,348,6.44,0,2,2,9,,,172,226.0,234.0,199.0,24.0,16,47.0,Josh Jacobs,josh jacobs,RB,RB,LVR,2021,53.0,0.8955823293172691,0.9778672032193159
48,Taysom Hill,NOR,TE,31,12,9,78,134,978,4,5,70,374,5.34,5,6,4,52,13.0,0,2,0,5,,,118,121.7,132.7,124.7,24.0,5,48.0,Taysom Hill,taysom hill,TE,TE,NOR,2021,150.0,0.7008032128514057,0.9613034623217923
49,Rob Gronkowski,TAM,TE,32,12,12,0,0,0,0,0,0,0,,0,89,55,802,14.58,6,0,0,6,,,116,171.2,174.2,143.7,23.0,6,49.0,Rob Gronkowski,rob gronkowski,TE,TE,TAM,2021,92.0,0.8172690763052208,0.9877800407331976
50,Tee Higgins,CIN,WR,22,14,14,0,0,0,0,0,0,0,,0,110,74,1091,14.74,6,1,1,6,1.0,,145,219.1,223.1,182.1,22.0,17,50.0,Tee Higgins,tee higgins,WR,WR,CIN,2021,58.0,0.8855421686746988,0.9535353535353536
51,D.J. Moore,CAR,WR,24,17,17,0,0,0,0,0,8,48,6.0,0,163,93,1157,12.44,4,1,1,4,1.0,,145,237.5,241.5,191.0,22.0,18,51.0,D.J. Moore,dj moore,WR,WR,CAR,2021,43.0,0.9156626506024097,0.9656565656565657
52,Dawson Knox,BUF,TE,25,15,14,0,0,0,0,0,0,4,,0,71,49,587,11.98,9,0,0,9,,1.0,115,164.1,167.1,139.6,22.0,7,52.0,Dawson Knox,dawson knox,TE,TE,BUF,2021,101.0,0.7991967871485943,0.9796334012219959
53,Chris Godwin,TAM,WR,25,14,14,0,0,0,0,0,4,21,5.25,1,127,98,1103,11.26,5,2,2,6,,,144,242.4,247.4,193.4,21.0,19,53.0,Chris Godwin,chris godwin,WR,WR,TAM,2021,39.0,0.9236947791164658,0.9717171717171718
54,Hunter Henry,NWE,TE,27,17,10,0,0,0,0,0,0,0,,0,75,50,603,12.06,9,0,0,9,,,114,164.3,167.3,139.3,21.0,8,54.0,Hunter Henry,hunter henry,TE,TE,NWE,2021,100.0,0.8012048192771084,0.9816700610997964
55,Melvin Gordon,DEN,RB,28,16,16,0,0,0,0,0,203,918,4.52,8,38,28,213,7.61,2,3,3,10,,,167,195.1,204.1,181.1,20.0,17,55.0,Melvin Gordon,melvin gordon,RB,RB,DEN,2021,75.0,0.8514056224899599,0.9617706237424547
56,Jaylen Waddle,MIA,WR,23,16,16,0,0,0,0,0,2,3,1.5,1,140,104,1015,9.76,6,2,1,7,,,142,245.8,249.8,193.8,19.0,21,56.0,Jaylen Waddle,jaylen waddle,WR,WR,MIA,2021,36.0,0.929718875502008,0.9757575757575757
57,Brandin Cooks,HOU,WR,28,16,16,0,0,0,0,0,2,21,10.5,0,134,90,1037,11.52,6,0,0,6,,,142,231.8,234.8,186.8,19.0,20,57.0,Brandin Cooks,brandin cooks,WR,WR,HOU,2021,47.0,0.9076305220883534,0.9616161616161616
58,Darnell Mooney,CHI,WR,24,17,14,0,0,0,0,0,6,32,5.33,1,140,81,1055,13.02,4,0,0,5,,,139,219.7,222.7,179.2,16.0,22,58.0,Darnell Mooney,darnell mooney,WR,WR,CHI,2021,57.0,0.8875502008032129,0.9555555555555556
59,Kyle Pitts*,ATL,TE,21,17,15,0,0,0,0,0,0,0,,0,110,68,1026,15.09,1,0,0,1,,,109,176.6,179.6,142.6,16.0,10,59.0,Kyle Pitts,kyle pitts,TE,TE,ATL,2021,89.0,0.8232931726907631,0.9898167006109979
60,Dallas Goedert,PHI,TE,26,15,14,0,0,0,0,0,0,0,,0,76,56,830,14.82,4,1,0,4,1.0,,109,165.0,168.0,137.0,16.0,9,60.0,Dallas Goedert,dallas goedert,TE,TE,PHI,2021,97.0,0.8072289156626506,0.9857433808553971
61,Javonte Williams,DEN,RB,21,17,1,0,0,0,0,0,203,903,4.45,4,53,43,316,7.35,3,2,1,7,,,162,204.9,211.9,183.4,15.0,18,61.0,Javonte Williams,javonte williams,RB,RB,DEN,2021,67.0,0.8674698795180723,0.9678068410462777
62,Amon-Ra St. Brown,DET,WR,22,17,9,0,0,0,0,0,7,61,8.71,1,119,90,912,10.13,5,0,0,6,2.0,,137,227.3,230.3,182.3,15.0,23,62.0,Amon-Ra St. Brown,amon-ra st brown,WR,WR,DET,2021,51.0,0.8995983935742972,0.9595959595959596
63,Terry McLaurin,WAS,WR,26,17,17,0,0,0,0,0,1,12,12.0,0,130,77,1053,13.68,5,0,0,5,,,137,213.5,216.5,175.0,14.0,24,63.0,Terry McLaurin,terry mclaurin,WR,WR,WAS,2021,61.0,0.8795180722891567,0.9515151515151515
64,Zach Ertz,2TM,TE,31,17,14,0,0,0,0,0,1,4,4.0,0,112,74,763,10.31,5,0,0,5,,,107,180.7,183.7,143.7,14.0,11,64.0,Zach Ertz,zach ertz,TE,TE,2TM,2021,86.0,0.8293172690763052,0.9918533604887984
65,Marquise Brown,BAL,WR,24,16,16,0,0,0,0,0,1,5,5.0,0,146,91,1008,11.08,6,3,1,6,,,135,226.3,230.3,180.8,13.0,25,65.0,Marquise Brown,marquise brown,WR,WR,BAL,2021,52.0,0.8975903614457832,0.9575757575757575
66,Amari Cooper,DAL,WR,27,15,14,0,0,0,0,0,0,0,,0,104,68,865,12.72,8,1,0,8,,,135,202.5,205.5,168.5,12.0,26,66.0,Amari Cooper,amari cooper,WR,WR,DAL,2021,69.0,0.8634538152610441,0.9474747474747475
67,Devin Singletary,BUF,RB,24,17,16,0,0,0,0,0,188,870,4.63,7,50,40,228,5.7,1,5,0,8,,,158,197.8,203.8,177.8,11.0,19,67.0,Devin Singletary,devin singletary,RB,RB,BUF,2021,73.0,0.8554216867469879,0.96579476861167
68,Adam Thielen,MIN,WR,31,13,13,0,0,0,0,0,1,2,2.0,0,95,67,726,10.84,10,1,0,10,,,133,199.8,202.8,166.3,11.0,27,68.0,Adam Thielen,adam thielen,WR,WR,MIN,2021,70.0,0.8614457831325302,0.9454545454545454
69,Christian Kirk,ARI,WR,25,17,11,1,1,33,0,0,1,11,11.0,0,103,77,982,12.75,5,0,0,5,,,131,207.6,210.6,169.1,8.0,28,69.0,Christian Kirk,christian kirk,WR,WR,ARI,2021,65.0,0.8714859437751004,0.9494949494949495
70,David Montgomery,CHI,RB,24,13,13,0,1,0,0,1,225,849,3.77,7,51,42,301,7.17,0,1,1,7,,,153,195.0,203.0,175.0,7.0,20,70.0,David Montgomery,david montgomery,RB,RB,CHI,2021,76.0,0.8493975903614458,0.959758551307847
71,AJ Dillon,GNB,RB,23,17,2,0,0,0,0,0,187,803,4.29,5,37,34,313,9.21,2,2,1,7,,,152,185.6,192.6,168.6,5.0,21,71.0,AJ Dillon,aj dillon,RB,RB,GNB,2021,80.0,0.8413654618473896,0.9557344064386318
72,Kendrick Bourne,NWE,WR,26,17,5,1,1,25,1,0,12,125,10.42,0,70,55,800,14.55,5,1,1,5,,,126,180.5,187.5,153.0,4.0,29,72.0,Kendrick Bourne,kendrick bourne,WR,WR,NWE,2021,87.0,0.8273092369477911,0.9353535353535354
73,Darrel Williams,KAN,RB,26,17,7,0,0,0,0,0,144,558,3.88,6,57,47,452,9.62,2,0,0,8,,,149,196.0,202.0,172.5,3.0,22,73.0,Darrel Williams,darrel williams,RB,RB,KAN,2021,74.0,0.8534136546184738,0.9637826961770624
74,D'Andre Swift,DET,RB,22,13,4,0,1,0,0,0,151,617,4.09,5,78,62,452,7.29,2,2,1,7,,,147,208.9,215.9,177.9,1.0,23,74.0,D'Andre Swift,dandre swift,RB,RB,DET,2021,63.0,0.8755020080321285,0.971830985915493
75,Ryan Tannehill,TEN,QB,33,17,17,357,531,3734,21,14,55,270,4.91,7,0,0,0,,0,10,4,7,,1.0,268,268.4,292.4,282.4,,12,75.0,Ryan Tannehill,ryan tannehill,QB,QB,TEN,2021,25.0,0.9518072289156626,0.9779116465863453
76,Carson Wentz,IND,QB,29,17,17,322,516,3563,27,7,57,215,3.77,1,0,0,0,,0,8,5,1,,2.0,258,258.0,276.0,265.0,,13,76.0,Carson Wentz,carson wentz,QB,QB,IND,2021,29.0,0.9437751004016064,0.9759036144578314
77,Derek Carr,LVR,QB,30,17,17,428,626,4804,23,14,40,108,2.7,0,0,0,0,,0,13,5,0,,,257,257.0,282.0,271.0,,14,77.0,Derek Carr,derek carr,QB,QB,LVR,2021,32.0,0.9377510040160643,0.9738955823293173
78,Russell Wilson*,SEA,QB,33,14,14,259,400,3113,25,6,43,183,4.26,2,0,0,0,,0,6,1,2,,1.0,243,242.8,255.8,248.8,,15,78.0,Russell Wilson,russell wilson,QB,QB,SEA,2021,38.0,0.9257028112449799,0.9718875502008032
79,Lamar Jackson*,BAL,QB,24,12,12,246,382,2882,16,13,133,767,5.77,2,0,0,0,,0,6,3,2,,2.0,240,240.0,262.0,253.0,,16,,Lamar Jackson,lamar jackson,QB,QB,BAL,2021,41.0,0.9196787148594378,0.9698795180722891
80,Jimmy Garoppolo,SFO,QB,30,15,15,301,441,3810,20,12,38,51,1.34,3,0,0,0,,0,8,3,3,,1.0,228,227.5,245.5,239.5,,17,,Jimmy Garoppolo,jimmy garoppolo,QB,QB,SFO,2021,50.0,0.9016064257028112,0.9678714859437751
81,Mac Jones*,NWE,QB,23,17,17,352,521,3801,22,13,44,129,2.93,0,0,0,0,,0,7,3,0,,2.0,225,224.9,246.9,237.9,,18,,Mac Jones,mac jones,QB,QB,NWE,2021,54.0,0.893574297188755,0.9658634538152611
82,Matt Ryan,ATL,QB,36,17,17,375,560,3968,20,12,40,82,2.05,1,0,0,0,,0,11,4,1,1.0,,223,222.9,241.9,234.9,,19,,Matt Ryan,matt ryan,QB,QB,ATL,2021,55.0,0.891566265060241,0.963855421686747
83,Taylor Heinicke,WAS,QB,28,16,15,321,494,3419,20,15,60,313,5.22,1,1,1,-2,-2.0,0,7,2,1,1.0,,222,222.9,245.9,237.4,,20,,Taylor Heinicke,taylor heinicke,QB,QB,WAS,2021,55.0,0.891566265060241,0.963855421686747
84,Ben Roethlisberger,PIT,QB,39,16,16,390,605,3740,22,10,20,5,0.25,1,0,0,0,,0,11,5,1,,2.0,218,218.1,236.1,228.1,,21,,Ben Roethlisberger,ben roethlisberger,QB,QB,PIT,2021,59.0,0.8835341365461847,0.9598393574297188
85,Teddy Bridgewater,DEN,QB,29,14,14,285,426,3052,18,7,30,106,3.53,2,0,0,0,,0,1,1,2,,1.0,203,202.7,216.7,209.7,,22,,Teddy Bridgewater,teddy bridgewater,QB,QB,DEN,2021,68.0,0.8654618473895582,0.9578313253012049
86,Trevor Lawrence,JAX,QB,22,17,17,359,602,3641,12,17,73,334,4.58,2,0,0,0,,0,9,5,2,,2.0,199,199.0,227.0,216.0,,23,,Trevor Lawrence,trevor lawrence,QB,QB,JAX,2021,71.0,0.8594377510040161,0.9558232931726908
87,Jared Goff,DET,QB,27,14,14,332,494,3245,19,8,17,87,5.12,0,0,0,0,,0,9,6,0,,4.0,195,194.5,211.5,202.5,,24,,Jared Goff,jared goff,QB,QB,DET,2021,77.0,0.8473895582329317,0.9538152610441767
88,Baker Mayfield,CLE,QB,26,14,14,253,418,3010,17,13,37,134,3.62,1,0,0,11,,0,6,3,1,,2.0,181,180.9,202.9,193.9,,26,,Baker Mayfield,baker mayfield,QB,QB,CLE,2021,83.0,0.8353413654618473,0.9518072289156626
89,Tua Tagovailoa,MIA,QB,23,13,12,263,388,2653,16,10,42,128,3.05,3,0,0,0,,0,9,1,3,,1.0,181,180.9,197.9,190.9,,25,,Tua Tagovailoa,tua tagovailoa,QB,QB,MIA,2021,83.0,0.8353413654618473,0.9518072289156626
90,Daniel Jones,NYG,QB,24,11,11,232,361,2428,10,7,62,298,4.81,2,1,1,16,16.0,0,7,3,2,2.0,1.0,167,167.5,183.5,174.0,,27,,Daniel Jones,daniel jones,QB,QB,NYG,2021,95.0,0.8112449799196787,0.9477911646586346
91,Sam Darnold,CAR,QB,24,12,11,243,406,2527,9,13,48,222,4.63,5,0,0,0,,0,9,4,5,,1.0,157,157.3,180.3,170.3,,28,,Sam Darnold,sam darnold,QB,QB,CAR,2021,108.0,0.785140562248996,0.9457831325301205
92,Davis Mills,HOU,QB,23,13,11,263,394,2664,16,10,18,44,2.44,0,0,0,0,,0,5,1,0,1.0,1.0,157,157.0,171.0,167.0,,29,,Davis Mills,davis mills,QB,QB,HOU,2021,109.0,0.7831325301204819,0.9437751004016064
93,Zach Wilson,NYJ,QB,22,13,13,213,383,2334,9,11,29,185,6.38,4,1,0,0,,0,5,1,4,1.0,1.0,152,151.9,169.9,162.9,,30,,Zach Wilson,zach wilson,QB,QB,NYJ,2021,113.0,0.7751004016064257,0.9417670682730923
94,Elijah Mitchell,SFO,RB,23,11,10,0,0,0,0,0,207,963,4.65,5,20,19,137,7.21,1,0,0,6,,,146,165.0,171.0,155.5,,24,,Elijah Mitchell,elijah mitchell,RB,RB,SFO,2021,97.0,0.8072289156626506,0.9496981891348089
95,James Robinson,JAX,RB,23,14,13,0,0,0,0,0,164,767,4.68,8,46,31,222,7.16,0,4,2,8,,,143,173.9,181.9,158.4,,25,,James Robinson,james robinson,RB,RB,JAX,2021,90.0,0.821285140562249,0.9537223340040242
96,Darrell Henderson,LAR,RB,24,12,10,0,0,0,0,0,149,688,4.62,5,40,29,176,6.07,3,0,0,8,,,134,163.4,169.4,148.9,,26,,Darrell Henderson,darrell henderson,RB,RB,LAR,2021,102.0,0.7971887550200804,0.9476861167002012
97,Justin Fields,CHI,QB,22,12,10,159,270,1870,7,10,72,420,5.83,2,0,0,0,,0,12,5,2,,,127,126.8,147.8,136.8,,31,,Justin Fields,justin fields,QB,QB,CHI,2021,144.0,0.7128514056224899,0.9397590361445783
98,Myles Gaskin,MIA,RB,24,17,10,0,0,0,0,0,173,612,3.54,3,63,49,234,4.78,4,2,1,7,,,125,173.6,180.6,149.1,,28,,Myles Gaskin,myles gaskin,RB,RB,MIA,2021,91.0,0.8192771084337349,0.9517102615694165
99,Sony Michel,LAR,RB,26,17,7,0,0,0,0,0,208,845,4.06,4,33,21,128,6.1,1,1,1,5,,,125,146.3,153.3,135.8,,27,,Sony Michel,sony michel,RB,RB,LAR,2021,122.0,0.7570281124497992,0.937625754527163
100,Tony Pollard,DAL,RB,24,15,0,0,0,0,0,0,130,719,5.53,2,46,39,337,8.64,0,2,0,3,,,124,162.6,168.6,143.1,,29,,Tony Pollard,tony pollard,RB,RB,DAL,2021,104.0,0.7931726907630522,0.9456740442655935
101,DeVonta Smith,PHI,WR,23,17,16,0,0,0,0,0,0,0,,0,104,64,916,14.31,5,1,1,5,1.0,,122,185.6,189.6,153.6,,30,,DeVonta Smith,devonta smith,WR,WR,PHI,2021,80.0,0.8413654618473896,0.9414141414141414
102,A.J. Brown,TEN,WR,24,13,13,0,2,0,0,0,2,10,5.0,0,105,63,869,13.79,5,0,0,5,,,118,180.9,183.9,149.4,,32,,A.J. Brown,aj brown,WR,WR,TEN,2021,83.0,0.8353413654618473,0.9373737373737374
103,Michael Carter,NYJ,RB,22,14,11,0,0,0,0,0,147,639,4.35,4,55,36,325,9.03,0,1,1,4,,,118,154.4,161.4,136.4,,30,,Michael Carter,michael carter,RB,RB,NYJ,2021,112.0,0.7771084337349398,0.9436619718309859
104,Van Jefferson,LAR,WR,25,17,17,0,0,0,0,0,2,20,10.0,0,89,50,802,16.04,6,0,0,6,,,118,168.2,171.2,143.2,,31,,Van Jefferson,van jefferson,WR,WR,LAR,2021,94.0,0.8132530120481928,0.9292929292929293
105,Tyler Boyd,CIN,WR,27,16,10,1,1,46,0,0,2,22,11.0,0,94,67,828,12.36,5,1,0,5,,,117,183.8,186.8,150.3,,33,,Tyler Boyd,tyler boyd,WR,WR,CIN,2021,82.0,0.8373493975903614,0.9393939393939394
106,Jameis Winston,NOR,QB,27,7,7,95,161,1170,14,3,32,166,5.19,1,0,0,0,,0,2,1,1,,,117,117.4,127.4,120.4,,32,,Jameis Winston,jameis winston,QB,QB,NOR,2021,158.0,0.6847389558232932,0.9377510040160643
107,Rashaad Penny,SEA,RB,25,10,6,0,0,0,0,0,119,749,6.29,6,8,6,48,8.0,0,0,0,6,,,116,121.7,124.7,118.7,,31,,Rashaad Penny,rashaad penny,RB,RB,SEA,2021,150.0,0.7008032128514057,0.9175050301810865
108,Brandon Aiyuk,SFO,WR,23,17,16,0,0,0,0,0,5,17,3.4,0,84,56,826,14.75,5,2,1,5,1.0,,114,170.3,174.3,142.3,,34,,Brandon Aiyuk,brandon aiyuk,WR,WR,SFO,2021,93.0,0.8152610441767069,0.9313131313131313
109,Devonta Freeman,BAL,RB,29,16,8,0,0,0,0,0,133,576,4.33,5,42,34,190,5.59,1,0,0,6,,,113,146.6,152.6,129.6,,32,,Devonta Freeman,devonta freeman,RB,RB,BAL,2021,121.0,0.7590361445783133,0.9396378269617707
110,Chuba Hubbard,CAR,RB,22,17,10,0,0,0,0,0,172,612,3.56,5,37,25,174,6.96,1,1,1,6,,,113,137.6,144.6,125.1,,33,,Chuba Hubbard,chuba hubbard,RB,RB,CAR,2021,132.0,0.7369477911646587,0.9295774647887324
111,K.J. Osborn,MIN,WR,24,17,9,0,0,0,0,0,1,10,10.0,0,82,50,655,13.1,7,0,0,7,,,109,158.5,161.5,133.5,,35,,K.J. Osborn,kj osborn,WR,WR,MIN,2021,107.0,0.7871485943775101,0.9212121212121213
112,Saquon Barkley,NYG,RB,24,13,13,0,0,0,0,0,162,593,3.66,2,57,41,263,6.41,2,2,1,4,,,108,148.6,155.6,128.1,,34,,Saquon Barkley,saquon barkley,RB,RB,NYG,2021,117.0,0.7670682730923695,0.9416498993963782
113,Chase Claypool,PIT,WR,23,15,13,0,0,0,0,0,14,96,6.86,0,105,59,860,14.58,2,0,0,2,,,108,166.6,169.6,137.1,,36,,Chase Claypool,chase claypool,WR,WR,PIT,2021,96.0,0.8092369477911646,0.9272727272727272
114,Marvin Jones,JAX,WR,31,17,16,0,0,0,0,0,0,0,,0,120,73,832,11.4,4,0,0,4,,,107,180.2,183.2,143.7,,37,,Marvin Jones,marvin jones,WR,WR,JAX,2021,88.0,0.8253012048192772,0.9333333333333333
115,Marquez Callaway,NOR,WR,23,17,11,0,0,0,0,0,0,0,,0,84,46,698,15.17,6,0,0,6,,,106,151.8,154.8,128.8,,38,,Marquez Callaway,marquez callaway,WR,WR,NOR,2021,114.0,0.7730923694779117,0.9151515151515152
116,DeAndre Hopkins,ARI,WR,29,10,10,0,0,0,0,0,0,0,,0,64,42,572,13.62,8,0,0,8,,,105,147.2,150.2,126.2,,39,,DeAndre Hopkins,deandre hopkins,WR,WR,ARI,2021,119.0,0.7630522088353413,0.9090909090909091
117,Devontae Booker,NYG,RB,29,16,4,0,0,0,0,0,145,593,4.09,2,45,40,268,6.7,1,0,0,3,,,104,144.1,150.1,124.1,,35,,Devontae Booker,devontae booker,RB,RB,NYG,2021,124.0,0.7530120481927711,0.9356136820925554
118,A.J. Green,ARI,WR,33,16,9,0,0,0,0,0,0,0,,0,92,54,848,15.7,3,0,0,3,,,103,156.8,159.8,129.8,,43,,A.J. Green,aj green,WR,WR,ARI,2021,110.0,0.7811244979919678,0.9191919191919192
119,Allen Lazard,GNB,WR,26,15,13,0,0,0,0,0,3,32,10.67,0,60,40,513,12.83,8,0,0,8,,,103,142.5,145.5,122.5,,44,,Allen Lazard,allen lazard,WR,WR,GNB,2021,126.0,0.748995983935743,0.907070707070707
120,Jakobi Meyers,NWE,WR,25,17,16,2,2,45,0,0,1,9,9.0,0,126,83,866,10.43,2,1,1,2,2.0,,103,186.3,190.3,144.8,,41,,Jakobi Meyers,jakobi meyers,WR,WR,NWE,2021,79.0,0.8433734939759037,0.9434343434343434
121,Tim Patrick,DEN,WR,28,16,16,0,0,0,0,0,0,0,,0,85,53,734,13.85,5,0,0,5,,,103,156.4,159.4,129.9,,40,,Tim Patrick,tim patrick,WR,WR,DEN,2021,111.0,0.7791164658634538,0.9171717171717172
122,Cedrick Wilson Jr.,DAL,WR,26,16,4,3,3,88,0,0,2,11,5.5,0,61,45,602,13.38,6,3,0,6,1.0,,103,147.8,150.8,125.3,,42,,Cedrick Wilson Jr.,cedrick wilson jr,WR,WR,DAL,2021,118.0,0.7650602409638554,0.9111111111111111
123,Rhamondre Stevenson,NWE,RB,23,12,2,0,0,0,0,0,133,606,4.56,5,18,14,123,8.79,0,2,1,5,,,101,114.9,121.9,107.9,,36,,Rhamondre Stevenson,rhamondre stevenson,RB,RB,NWE,2021,162.0,0.6767068273092369,0.9074446680080483
124,Chase Edmonds,ARI,RB,25,12,11,0,0,0,0,0,116,592,5.1,2,53,43,311,7.23,0,1,1,2,,,100,143.3,150.3,121.8,,37,,Chase Edmonds,chase edmonds,RB,RB,ARI,2021,125.0,0.751004016064257,0.9336016096579477
125,Clyde Edwards-Helaire,KAN,RB,22,10,10,0,0,0,0,0,119,517,4.34,4,23,19,129,6.79,2,2,2,6,1.0,,99,117.6,125.6,108.1,,38,,Clyde Edwards-Helaire,clyde edwards-helaire,RB,RB,KAN,2021,157.0,0.6867469879518072,0.9134808853118712
126,Russell Gage,ATL,WR,25,14,9,0,0,0,0,0,0,0,,0,94,66,770,11.67,4,2,2,4,,,97,163.0,168.0,130.0,,45,,Russell Gage,russell gage,WR,WR,ATL,2021,103.0,0.7951807228915663,0.9252525252525252
127,Elijah Moore,NYJ,WR,21,11,6,0,0,0,0,0,5,54,10.8,1,77,43,538,12.51,5,0,0,6,,,95,138.2,141.2,116.7,,46,,Elijah Moore,elijah moore,WR,WR,NYJ,2021,130.0,0.7409638554216867,0.901010101010101
128,Mike Davis,ATL,RB,28,17,8,0,0,0,0,0,138,503,3.64,3,58,44,259,5.89,1,4,3,4,,,94,138.2,147.2,116.2,,39,,Mike Davis,mike davis,RB,RB,ATL,2021,130.0,0.7409638554216867,0.93158953722334
129,Alexander Mattison,MIN,RB,23,16,4,0,0,0,0,0,134,491,3.66,3,39,32,228,7.13,1,1,1,4,,,94,125.9,132.9,109.9,,40,,Alexander Mattison,alexander mattison,RB,RB,MIN,2021,146.0,0.7088353413654618,0.9235412474849094
130,Latavius Murray,BAL,RB,31,14,6,0,0,0,0,0,119,501,4.21,6,13,10,75,7.5,0,0,0,6,,,94,103.6,106.6,98.6,,42,,Latavius Murray,latavius murray,RB,RB,BAL,2021,178.0,0.6445783132530121,0.8933601609657947
131,Jamaal Williams,DET,RB,26,13,11,0,0,0,0,0,153,601,3.93,3,28,26,157,6.04,0,1,0,3,,,94,119.8,125.8,106.8,,41,,Jamaal Williams,jamaal williams,RB,RB,DET,2021,155.0,0.6907630522088353,0.9154929577464789
132,Pat Freiermuth,PIT,TE,23,16,9,0,0,0,0,0,0,0,,0,79,60,497,8.28,7,1,1,7,1.0,,92,151.7,155.7,121.7,,13,,Pat Freiermuth,pat freiermuth,TE,TE,PIT,2021,115.0,0.7710843373493976,0.9755600814663952
133,Mike Gesicki,MIA,TE,26,17,9,0,1,0,0,0,0,0,,0,112,73,780,10.68,2,0,0,2,1.0,,92,165.0,168.0,128.5,,12,,Mike Gesicki,mike gesicki,TE,TE,MIA,2021,97.0,0.8072289156626506,0.9857433808553971
134,Courtland Sutton,DEN,WR,26,17,16,1,1,16,0,0,0,0,,0,98,58,776,13.38,2,0,0,2,1.0,,92,150.2,153.2,121.2,,47,,Courtland Sutton,courtland sutton,WR,WR,DEN,2021,116.0,0.7690763052208835,0.9131313131313131
135,Robert Woods,LAR,WR,29,9,9,0,0,0,0,0,8,46,5.75,1,69,45,556,12.36,4,0,0,5,1.0,,92,137.2,140.2,114.7,,48,,Robert Woods,robert woods,WR,WR,LAR,2021,133.0,0.7349397590361446,0.898989898989899
136,Gabriel Davis,BUF,WR,22,16,4,0,0,0,0,0,0,0,,0,63,35,549,15.69,6,0,0,6,,,91,125.9,128.9,108.4,,49,,Gabriel Davis,gabriel davis,WR,WR,BUF,2021,146.0,0.7088353413654618,0.8848484848484849
137,Noah Fant,DEN,TE,24,16,16,0,0,0,0,0,0,0,,0,90,68,670,9.85,4,0,0,4,,,91,159.0,162.0,125.0,,14,,Noah Fant,noah fant,TE,TE,DEN,2021,106.0,0.7891566265060241,0.9775967413441955
138,Christian McCaffrey,CAR,RB,25,7,7,0,0,0,0,0,99,442,4.46,1,41,37,343,9.27,1,1,0,2,,,91,127.5,133.5,109.0,,44,,Christian McCaffrey,christian mccaffrey,RB,RB,CAR,2021,142.0,0.7168674698795181,0.9255533199195171
139,Miles Sanders,PHI,RB,24,12,12,0,0,0,0,0,137,754,5.5,0,34,26,158,6.08,0,1,1,0,1.0,,91,117.2,124.2,104.2,,43,,Miles Sanders,miles sanders,RB,RB,PHI,2021,159.0,0.6827309236947792,0.9114688128772636
140,Kenneth Gainwell,PHI,RB,22,16,1,0,0,0,0,0,68,291,4.28,5,50,33,253,7.67,1,2,1,6,1.0,,90,123.4,130.4,106.9,,45,,Kenneth Gainwell,kenneth gainwell,RB,RB,PHI,2021,149.0,0.7028112449799198,0.9195171026156942
141,Emmanuel Sanders,BUF,WR,34,14,13,0,0,0,0,0,2,31,15.5,0,72,42,626,14.9,4,0,0,4,,,90,131.7,134.7,110.7,,50,,Emmanuel Sanders,emmanuel sanders,WR,WR,BUF,2021,138.0,0.7248995983935743,0.8929292929292929
142,Trevor Siemian,NOR,QB,30,6,4,108,188,1154,11,3,9,20,2.22,1,0,0,0,,0,3,1,1,,,90,90.2,97.2,93.2,,33,,Trevor Siemian,trevor siemian,QB,QB,NOR,2021,192.0,0.6164658634538153,0.9357429718875502
143,Kareem Hunt,CLE,RB,26,8,1,0,0,0,0,0,78,386,4.95,5,27,22,174,7.91,0,0,0,5,1.0,,88,110.0,116.0,99.0,,46,,Kareem Hunt,kareem hunt,RB,RB,CLE,2021,165.0,0.6706827309236948,0.903420523138833
144,Robbie Chosen,CAR,WR,28,17,16,0,0,0,0,0,3,36,12.0,0,110,53,519,9.79,5,0,0,5,,,86,138.5,141.5,112.0,,51,,Robbie Chosen,robbie chosen,WR,WR,CAR,2021,128.0,0.7449799196787148,0.9030303030303031
145,Tyler Higbee,LAR,TE,28,15,15,0,0,0,0,0,0,0,,0,85,61,560,9.18,5,1,0,5,,,86,147.0,150.0,116.5,,15,,Tyler Higbee,tyler higbee,TE,TE,LAR,2021,120.0,0.7610441767068273,0.9735234215885947
146,Cam Newton,CAR,QB,32,8,5,69,126,684,4,5,47,230,4.89,5,0,0,0,,0,4,1,5,,1.0,86,86.4,98.4,91.4,,34,,Cam Newton,cam newton,QB,QB,CAR,2021,201.0,0.5983935742971888,0.9337349397590361
147,Boston Scott,PHI,RB,26,16,4,0,0,0,0,0,87,373,4.29,7,16,13,83,6.38,0,1,1,7,,,86,98.6,102.6,92.1,,47,,Boston Scott,boston scott,RB,RB,PHI,2021,184.0,0.6325301204819277,0.8893360160965795
148,Odell Beckham Jr.,2TM,WR,29,14,13,0,0,0,0,0,2,14,7.0,0,82,44,537,12.2,5,0,0,5,,,85,129.1,132.1,107.1,,52,,Odell Beckham Jr.,odell beckham jr,WR,WR,2TM,2021,139.0,0.7228915662650602,0.8909090909090909
149,D'Onta Foreman,TEN,RB,25,9,3,0,0,0,0,0,133,566,4.26,3,11,9,123,13.67,0,2,1,3,,,85,93.9,100.9,89.4,,49,,D'Onta Foreman,donta foreman,RB,RB,TEN,2021,187.0,0.6265060240963856,0.8873239436619719
150,D'Ernest Johnson,CLE,RB,25,17,2,0,0,0,0,0,100,534,5.34,3,25,19,137,7.21,0,1,0,3,,,85,104.1,110.1,94.6,,48,,D'Ernest Johnson,dernest johnson,RB,RB,CLE,2021,177.0,0.6465863453815262,0.8953722334004024
151,J.D. McKissic,WAS,RB,28,11,3,0,0,0,0,0,48,212,4.42,2,53,43,397,9.23,2,0,0,4,,,85,127.9,133.9,106.4,,50,,J.D. McKissic,jd mckissic,RB,RB,WAS,2021,141.0,0.7188755020080322,0.9275653923541247
152,Byron Pringle,KAN,WR,28,17,5,0,0,0,0,0,0,0,,0,60,42,568,13.52,5,2,1,5,,,85,126.8,130.8,105.8,,53,,Byron Pringle,byron pringle,WR,WR,KAN,2021,144.0,0.7128514056224899,0.8868686868686868
153,Jared Cook,LAC,TE,34,16,10,0,0,0,0,0,0,0,,0,83,48,564,11.75,4,0,0,4,2.0,,84,132.4,135.4,108.4,,16,,Jared Cook,jared cook,TE,TE,LAC,2021,136.0,0.7289156626506024,0.9653767820773931
154,Andy Dalton,CHI,QB,34,8,6,149,236,1515,8,9,16,76,4.75,0,0,0,0,,0,1,1,0,,2.0,84,84.2,97.2,93.2,,35,,Andy Dalton,andy dalton,QB,QB,CHI,2021,206.0,0.5883534136546185,0.9317269076305221
155,T.J. Hockenson,DET,TE,24,12,12,0,0,0,0,0,0,0,,0,84,61,583,9.56,4,0,0,4,1.0,,84,145.3,148.3,114.8,,17,,T.J. Hockenson,tj hockenson,TE,TE,DET,2021,123.0,0.7550200803212852,0.9714867617107943
156,Kalif Raymond,DET,WR,27,16,14,0,0,0,0,0,4,28,7.0,0,71,48,576,12.0,4,0,0,4,,,84,132.4,135.4,108.4,,54,,Kalif Raymond,kalif raymond,WR,WR,DET,2021,136.0,0.7289156626506024,0.8949494949494949
157,Brandon Bolden,NWE,RB,31,17,1,0,0,0,0,0,44,226,5.14,1,49,41,405,9.88,2,1,0,3,1.0,,83,124.1,130.1,103.6,,51,,Brandon Bolden,brandon bolden,RB,RB,NWE,2021,148.0,0.7048192771084337,0.9215291750503019
158,Tyler Huntley,BAL,QB,23,7,4,122,188,1081,3,4,47,294,6.26,2,0,0,0,,0,4,3,2,,,83,82.6,95.6,86.6,,36,,Tyler Huntley,tyler huntley,QB,QB,BAL,2021,210.0,0.5803212851405622,0.929718875502008
159,Ty Johnson,NYJ,RB,24,16,3,0,0,0,0,0,61,238,3.9,2,55,34,372,10.94,2,2,1,4,,,83,117.0,124.0,100.0,,52,,Ty Johnson,ty johnson,RB,RB,NYJ,2021,160.0,0.6807228915662651,0.9094567404426559
160,Mecole Hardman,KAN,WR,23,17,8,0,0,0,0,0,8,46,5.75,0,83,59,693,11.75,2,3,2,2,,,82,140.9,145.9,111.4,,55,,Mecole Hardman,mecole hardman,WR,WR,KAN,2021,127.0,0.7469879518072289,0.9050505050505051
161,Mark Ingram,2TM,RB,32,14,10,0,0,0,0,0,160,554,3.46,2,35,27,162,6.0,0,1,1,2,,,82,108.6,115.6,95.1,,54,,Mark Ingram,mark ingram,RB,RB,2TM,2021,170.0,0.6606425702811245,0.9014084507042254
162,Zack Moss,BUF,RB,24,13,0,0,0,0,0,0,96,345,3.59,4,32,23,197,8.57,1,2,1,5,,,82,105.2,112.2,93.7,,53,,Zack Moss,zack moss,RB,RB,BUF,2021,174.0,0.6526104417670683,0.8993963782696177
163,Tyrod Taylor,HOU,QB,32,6,6,91,150,966,5,5,19,151,7.95,3,0,0,0,,0,3,0,3,,,82,81.7,92.7,86.7,,37,,Tyrod Taylor,tyrod taylor,QB,QB,HOU,2021,214.0,0.572289156626506,0.927710843373494
164,Jarvis Landry,CLE,WR,29,12,12,0,0,0,0,0,6,40,6.67,2,87,52,570,10.96,2,3,2,4,,,81,133.0,138.0,107.0,,56,,Jarvis Landry,jarvis landry,WR,WR,CLE,2021,135.0,0.7309236947791165,0.896969696969697
165,Antonio Brown,TAM,WR,33,7,3,0,0,0,0,0,1,6,6.0,0,62,42,545,12.98,4,0,0,4,,,79,121.1,124.1,100.1,,57,,Antonio Brown,antonio brown,WR,WR,TAM,2021,153.0,0.6947791164658634,0.8828282828282829
166,Rex Burkhead,HOU,RB,31,16,5,0,1,0,0,0,122,427,3.5,3,32,25,186,7.44,0,1,0,3,,,79,104.3,110.3,91.8,,55,,Rex Burkhead,rex burkhead,RB,RB,HOU,2021,176.0,0.6485943775100402,0.89738430583501
167,C.J. Uzomah,CIN,TE,28,16,16,0,0,0,0,0,0,0,,0,63,49,493,10.06,5,0,0,5,,,79,128.3,131.3,103.8,,18,,C.J. Uzomah,cj uzomah,TE,TE,CIN,2021,140.0,0.7208835341365463,0.9633401221995926
168,Darren Waller,LVR,TE,29,11,11,0,0,0,0,0,0,0,,0,93,55,665,12.09,2,0,0,2,,,79,133.5,136.5,106.0,,19,,Darren Waller,darren waller,TE,TE,LVR,2021,134.0,0.7329317269076305,0.9674134419551935
169,Cole Beasley,BUF,WR,32,16,8,0,1,0,0,0,0,0,,0,112,82,693,8.45,1,1,0,1,1.0,,77,159.3,162.3,118.3,,58,,Cole Beasley,cole beasley,WR,WR,BUF,2021,105.0,0.7911646586345382,0.9232323232323232
170,Tyler Conklin,MIN,TE,26,17,15,0,0,0,0,0,0,0,,0,87,61,593,9.72,3,1,0,3,,,77,138.3,141.3,107.8,,20,,Tyler Conklin,tyler conklin,TE,TE,MIN,2021,129.0,0.7429718875502008,0.9694501018329938
171,Deonte Harty,NOR,WR,24,13,1,0,0,0,0,0,5,41,8.2,0,59,36,570,15.83,3,2,1,3,,,77,113.1,117.1,95.1,,59,,Deonte Harty,deonte harty,WR,WR,NOR,2021,163.0,0.6746987951807228,0.8767676767676768
172,Donovan Peoples-Jones,CLE,WR,22,14,9,0,0,0,0,0,0,0,,0,58,34,597,17.56,3,2,1,3,,,76,109.7,113.7,92.7,,60,,Donovan Peoples-Jones,donovan peoples-jones,WR,WR,CLE,2021,166.0,0.6686746987951807,0.8747474747474747
173,Braxton Berrios+,NYJ,WR,26,16,1,0,0,0,0,0,7,40,5.71,2,65,46,431,9.37,2,1,1,5,,,75,121.1,125.1,98.1,,61,,Braxton Berrios,braxton berrios,WR,WR,NYJ,2021,153.0,0.6947791164658634,0.8828282828282829
174,Bryan Edwards,LVR,WR,23,16,12,0,0,0,0,0,1,0,0.0,0,59,34,571,16.79,3,1,0,3,,,75,109.1,112.1,92.1,,62,,Bryan Edwards,bryan edwards,WR,WR,LVR,2021,168.0,0.6646586345381527,0.8707070707070708
175,Kenyan Drake,LVR,RB,27,12,2,0,0,0,0,0,63,254,4.03,2,40,30,291,9.7,1,1,0,3,,,73,102.5,108.5,87.5,,57,,Kenyan Drake,kenyan drake,RB,RB,LVR,2021,182.0,0.6365461847389557,0.8913480885311871
176,Nyheim Hines,IND,RB,25,17,4,0,0,0,0,0,56,276,4.93,2,57,40,310,7.75,1,3,2,3,,,73,112.6,120.6,92.6,,56,,Nyheim Hines,nyheim hines,RB,RB,IND,2021,164.0,0.6726907630522088,0.9054325955734407
177,Quez Watkins,PHI,WR,23,17,12,0,0,0,0,0,1,3,3.0,0,62,43,647,15.05,1,0,0,1,1.0,,73,116.0,119.0,94.5,,63,,Quez Watkins,quez watkins,WR,WR,PHI,2021,161.0,0.678714859437751,0.8787878787878788
178,Jacoby Brissett,MIA,QB,29,11,5,141,225,1283,5,4,19,70,3.68,1,0,0,0,,0,6,3,1,,1.0,72,72.3,82.3,76.3,,38,,Jacoby Brissett,jacoby brissett,QB,QB,MIA,2021,236.0,0.5281124497991968,0.9257028112449799
179,David Njoku,CLE,TE,25,16,11,0,0,0,0,0,1,1,1.0,0,53,36,475,13.19,4,0,0,4,,,72,107.6,110.6,89.6,,21,,David Njoku,david njoku,TE,TE,CLE,2021,171.0,0.6586345381526104,0.955193482688391
180,Corey Davis,NYJ,WR,26,9,9,0,0,0,0,0,0,0,,0,59,34,492,14.47,4,2,1,4,,,71,105.2,109.2,88.2,,64,,Corey Davis,corey davis,WR,WR,NYJ,2021,174.0,0.6526104417670683,0.8626262626262626
181,Gerald Everett,SEA,TE,27,15,12,0,0,0,0,0,3,20,6.67,0,63,48,478,9.96,4,2,2,4,,,70,117.8,122.8,93.8,,22,,Gerald Everett,gerald everett,TE,TE,SEA,2021,156.0,0.6887550200803213,0.9572301425661914
182,Nick Westbrook-Ikhine,TEN,WR,24,16,7,0,0,0,0,0,0,0,,0,57,38,476,12.53,4,1,1,4,,,70,107.6,111.6,88.6,,65,,Nick Westbrook-Ikhine,nick westbrook-ikhine,WR,WR,TEN,2021,171.0,0.6586345381526104,0.8666666666666667
183,Ronald Jones II,TAM,RB,24,16,3,0,0,0,0,0,101,428,4.24,4,13,10,64,6.4,0,2,2,4,,,69,79.2,84.2,74.2,,58,,Ronald Jones II,ronald jones ii,RB,RB,TAM,2021,220.0,0.5602409638554218,0.8772635814889336
184,Nelson Agholor,NWE,WR,28,15,13,0,0,0,0,0,3,11,3.67,0,64,37,473,12.78,3,0,0,3,,,66,103.4,106.4,84.9,,66,,Nelson Agholor,nelson agholor,WR,WR,NWE,2021,181.0,0.6385542168674698,0.8565656565656565
185,Randall Cobb,GNB,WR,31,12,3,0,0,0,0,0,1,1,1.0,0,39,28,375,13.39,5,1,1,5,,,66,93.6,97.6,79.6,,68,,Randall Cobb,randall cobb,WR,WR,GNB,2021,188.0,0.6244979919678715,0.8505050505050505
186,Jalen Guyton,LAC,WR,24,16,2,0,0,0,0,0,7,34,4.86,0,48,31,448,14.45,3,1,0,3,,,66,97.2,100.2,81.7,,67,,Jalen Guyton,jalen guyton,WR,WR,LAC,2021,185.0,0.6305220883534137,0.8545454545454545
187,Khalil Herbert,CHI,RB,23,17,2,0,0,0,0,0,103,433,4.2,2,16,14,96,6.86,0,1,0,2,,,65,78.9,81.9,71.9,,59,,Khalil Herbert,khalil herbert,RB,RB,CHI,2021,223.0,0.5542168674698795,0.8752515090543259
188,Trey Lance,SFO,QB,21,6,2,41,71,603,5,2,38,168,4.42,1,0,0,0,,0,0,0,1,1.0,,65,64.9,72.9,66.9,,39,,Trey Lance,trey lance,QB,QB,SFO,2021,252.0,0.49598393574297184,0.9236947791164658
189,Justin Jackson,LAC,RB,25,14,2,0,0,0,0,0,68,364,5.35,2,25,22,178,8.09,0,1,1,2,,,64,86.2,93.2,75.2,,60,,Justin Jackson,justin jackson,RB,RB,LAC,2021,202.0,0.5963855421686747,0.8832997987927566
190,DeVante Parker,MIA,WR,28,10,8,0,0,0,0,0,0,0,,0,73,40,515,12.88,2,0,0,2,,,64,103.5,106.5,83.5,,70,,DeVante Parker,devante parker,WR,WR,MIA,2021,179.0,0.642570281124498,0.8606060606060606
191,Laviska Shenault Jr.,JAX,WR,23,16,10,0,0,0,0,0,11,41,3.73,0,100,63,619,9.83,0,1,1,0,,,64,127.0,131.0,95.5,,69,,Laviska Shenault Jr.,laviska shenault jr,WR,WR,JAX,2021,143.0,0.714859437751004,0.8888888888888888
192,DeAndre Carter,WAS,WR,28,17,6,0,0,0,0,0,10,89,8.9,0,44,24,296,12.33,3,3,0,4,,,63,86.5,89.5,74.5,,71,,DeAndre Carter,deandre carter,WR,WR,WAS,2021,199.0,0.6024096385542168,0.8343434343434344
193,Freddie Swain,SEA,WR,23,17,8,0,0,0,0,0,5,32,6.4,0,40,25,343,13.72,4,1,0,4,,,62,86.5,89.5,74.0,,72,,Freddie Swain,freddie swain,WR,WR,SEA,2021,199.0,0.6024096385542168,0.8343434343434344
194,Jordan Howard,PHI,RB,27,7,0,0,0,0,0,0,86,406,4.72,3,5,2,19,9.5,0,0,0,3,,,61,62.5,65.5,61.5,,61,,Jordan Howard,jordan howard,RB,RB,PHI,2021,257.0,0.48594377510040165,0.8672032193158954
195,Cole Kmet,CHI,TE,22,17,17,0,0,0,0,0,1,0,0.0,0,93,60,612,10.2,0,0,0,0,,,61,121.2,124.2,91.2,,23,,Cole Kmet,cole kmet,TE,TE,CHI,2021,152.0,0.6967871485943775,0.9592668024439919
196,Henry Ruggs III,LVR,WR,22,7,7,0,0,0,0,0,3,16,5.33,0,36,24,469,19.54,2,0,0,2,,,61,84.5,87.5,72.5,,74,,Henry Ruggs III,henry ruggs iii,WR,WR,LVR,2021,205.0,0.5903614457831325,0.8282828282828283
197,Marquez Valdes-Scantling,GNB,WR,27,11,7,0,0,0,0,0,0,0,,0,55,26,430,16.54,3,0,0,3,,,61,87.0,90.0,74.0,,73,,Marquez Valdes-Scantling,marquez valdes-scantling,WR,WR,GNB,2021,197.0,0.606425702811245,0.8383838383838383
198,Alex Collins,SEA,RB,27,11,6,0,0,0,0,0,108,411,3.81,2,10,9,87,9.67,0,1,1,2,,,60,68.8,72.8,64.3,,62,,Alex Collins,alex collins,RB,RB,SEA,2021,244.0,0.5120481927710843,0.869215291750503
199,Josh Palmer,LAC,WR,22,17,5,0,0,0,0,0,1,6,6.0,0,49,33,353,10.7,4,0,0,4,,,60,92.9,95.9,76.4,,75,,Josh Palmer,josh palmer,WR,WR,LAC,2021,189.0,0.6224899598393574,0.8484848484848485
200,Jamison Crowder,NYJ,WR,28,12,4,0,0,0,0,0,0,0,,0,71,51,447,8.76,2,1,1,2,1.0,1.0,59,109.7,113.7,84.2,,78,,Jamison Crowder,jamison crowder,WR,WR,NYJ,2021,166.0,0.6686746987951807,0.8747474747474747
201,Zay Jones,LVR,WR,26,17,9,0,0,0,0,0,2,3,1.5,0,70,47,546,11.62,1,1,1,1,,,59,105.9,109.9,82.4,,76,,Zay Jones,zay jones,WR,WR,LVR,2021,173.0,0.6546184738955823,0.8646464646464647
202,Olamide Zaccheaus,ATL,WR,24,17,8,0,0,0,0,0,1,2,2.0,0,53,31,406,13.1,3,0,0,3,,,59,89.8,92.8,74.3,,77,,Olamide Zaccheaus,olamide zaccheaus,WR,WR,ATL,2021,193.0,0.6144578313253012,0.8444444444444444
203,Rashod Bateman,BAL,WR,22,12,4,0,0,0,0,0,0,0,,0,68,46,515,11.2,1,0,0,1,,,58,103.5,106.5,80.5,,80,,Rashod Bateman,rashod bateman,WR,WR,BAL,2021,179.0,0.642570281124498,0.8606060606060606
204,Jauan Jennings,SFO,WR,24,16,1,0,0,0,0,0,0,0,,0,38,24,282,11.75,5,1,0,5,,,58,82.2,85.2,70.2,,79,,Jauan Jennings,jauan jennings,WR,WR,SFO,2021,213.0,0.5742971887550201,0.8181818181818181
205,Evan Engram,NYG,TE,27,15,12,0,0,0,0,0,1,-3,-3.0,0,73,46,408,8.87,3,1,1,3,,,57,102.5,106.5,79.5,,24,,Evan Engram,evan engram,TE,TE,NYG,2021,182.0,0.6365461847389557,0.9531568228105907
206,Michael Gallup,DAL,WR,25,9,8,0,0,0,0,0,0,0,,0,62,35,445,12.71,2,0,0,2,,,57,91.5,94.5,74.0,,81,,Michael Gallup,michael gallup,WR,WR,DAL,2021,191.0,0.6184738955823292,0.8464646464646465
207,Zach Pascal,IND,WR,27,16,13,0,0,0,0,0,2,21,10.5,0,69,38,384,10.11,3,1,1,3,,,57,94.5,98.5,75.5,,82,,Zach Pascal,zach pascal,WR,WR,IND,2021,186.0,0.6285140562248996,0.8525252525252525
208,Mo Alie-Cox,IND,TE,28,17,7,0,0,0,0,0,0,0,,0,45,24,316,13.17,4,1,0,4,,,56,79.6,82.6,67.6,,25,,Mo Alie-Cox,mo alie-cox,TE,TE,IND,2021,218.0,0.5642570281124498,0.9470468431771895
209,DeSean Jackson,2TM,WR,35,16,4,0,0,0,0,0,1,4,4.0,0,34,20,454,22.7,2,1,1,2,,,56,75.8,79.8,65.8,,83,,DeSean Jackson,desean jackson,WR,WR,2TM,2021,230.0,0.5401606425702812,0.8020202020202021
210,Samaje Perine,CIN,RB,26,16,0,0,0,0,0,0,55,246,4.47,1,31,27,196,7.26,1,0,0,2,,,56,83.2,89.2,69.7,,63,,Samaje Perine,samaje perine,RB,RB,CIN,2021,208.0,0.5843373493975903,0.8812877263581489
211,Tre'Quan Smith,NOR,WR,25,11,6,0,0,0,0,0,0,0,,0,50,32,377,11.78,3,1,0,3,,,56,87.7,90.7,71.7,,84,,Tre'Quan Smith,trequan smith,WR,WR,NOR,2021,196.0,0.608433734939759,0.8404040404040404
212,Austin Hooper,CLE,TE,27,16,16,0,0,0,0,0,0,0,,0,61,38,345,9.08,3,0,0,3,1.0,,55,92.5,95.5,73.5,,27,,Austin Hooper,austin hooper,TE,TE,CLE,2021,190.0,0.6204819277108433,0.9511201629327902
213,Duke Johnson,MIA,RB,28,5,4,0,0,0,0,0,71,330,4.65,3,5,4,41,10.25,0,0,0,3,,,55,59.1,62.1,57.1,,64,,Duke Johnson,duke johnson,RB,RB,MIA,2021,265.0,0.4698795180722891,0.8591549295774648
214,Rondale Moore,ARI,WR,21,14,7,0,0,0,0,0,18,76,4.22,0,64,54,435,8.06,1,3,1,1,,,55,109.1,113.1,82.1,,85,,Rondale Moore,rondale moore,WR,WR,ARI,2021,168.0,0.6646586345381527,0.8707070707070708
215,Foster Moreau,LVR,TE,24,17,11,0,0,0,0,0,0,0,,0,44,30,373,12.43,3,1,0,3,,,55,85.3,88.3,70.3,,26,,Foster Moreau,foster moreau,TE,TE,LVR,2021,203.0,0.5943775100401607,0.9490835030549898
216,Dontrell Hilliard,TEN,RB,26,8,5,0,0,0,0,0,56,350,6.25,2,26,19,87,4.58,0,2,1,2,,,54,72.7,76.7,63.2,,65,,Dontrell Hilliard,dontrell hilliard,RB,RB,TEN,2021,235.0,0.5301204819277108,0.8712273641851107
217,Geno Smith,SEA,QB,31,4,3,65,95,702,5,1,9,42,4.67,1,0,0,0,,0,1,1,1,,,54,54.3,59.3,55.3,,40,,Geno Smith,geno smith,QB,QB,SEA,2021,275.0,0.44979919678714864,0.9216867469879518
218,Ameer Abdullah,2TM,RB,28,17,1,0,0,0,0,0,51,166,3.25,0,53,38,289,7.61,1,0,0,1,,,52,89.5,95.5,70.5,,66,,Ameer Abdullah,ameer abdullah,RB,RB,2TM,2021,194.0,0.6124497991967872,0.8853118712273642
219,Jamal Agnew,JAX,WR,26,10,2,0,0,0,0,0,7,111,15.86,1,39,24,229,9.54,1,1,0,3,,,52,76.0,82.0,64.0,,87,,Jamal Agnew,jamal agnew,WR,WR,JAX,2021,228.0,0.5441767068273092,0.804040404040404
220,Kenny Golladay,NYG,WR,28,14,14,0,0,0,0,0,0,0,,0,76,37,521,14.08,0,0,0,0,,,52,89.1,92.1,70.6,,86,,Kenny Golladay,kenny golladay,WR,WR,NYG,2021,195.0,0.6104417670682731,0.8424242424242424
221,Josh Reynolds,2TM,WR,26,12,5,0,0,0,0,0,0,0,,0,49,29,396,13.66,2,0,0,2,,,52,80.6,83.6,66.1,,88,,Josh Reynolds,josh reynolds,WR,WR,2TM,2021,216.0,0.5682730923694779,0.8161616161616162
222,Keelan Cole,NYJ,WR,28,15,11,0,1,0,0,0,0,0,,0,51,28,449,16.04,1,0,0,1,,,51,78.9,81.9,64.9,,90,,Keelan Cole,keelan cole,WR,WR,NYJ,2021,223.0,0.5542168674698795,0.8101010101010101
223,Nico Collins,HOU,WR,22,14,8,0,0,0,0,0,0,0,,0,60,33,446,13.52,1,0,0,1,,,51,83.6,86.6,67.1,,91,,Nico Collins,nico collins,WR,WR,HOU,2021,207.0,0.5863453815261044,0.8262626262626263
224,T.Y. Hilton,IND,WR,32,10,9,0,0,0,0,0,0,0,,0,37,23,331,14.39,3,0,0,3,,,51,74.1,77.1,62.6,,89,,T.Y. Hilton,ty hilton,WR,WR,IND,2021,232.0,0.536144578313253,0.797979797979798
225,Drew Lock,DEN,QB,25,6,3,67,111,787,2,2,10,53,5.3,2,1,1,1,1.0,0,2,1,2,,,51,51.9,57.9,53.4,,41,,Drew Lock,drew lock,QB,QB,DEN,2021,280.0,0.43975903614457834,0.9196787148594378
226,Jack Doyle,IND,TE,31,17,14,0,0,0,0,0,0,0,,0,43,29,302,10.41,3,0,0,3,1.0,,50,79.2,82.2,64.7,,28,,Jack Doyle,jack doyle,TE,TE,IND,2021,220.0,0.5602409638554218,0.945010183299389
227,Devin Duvernay*+,BAL,WR,24,16,7,0,0,0,0,0,7,50,7.14,0,47,33,272,8.24,2,1,0,3,,,50,83.2,86.2,66.7,,92,,Devin Duvernay,devin duvernay,WR,WR,BAL,2021,208.0,0.5843373493975903,0.8242424242424242
228,Cameron Brate,TAM,TE,30,17,3,0,0,0,0,0,0,0,,0,57,30,245,8.17,4,0,0,4,,,49,78.5,81.5,63.5,,29,,Cameron Brate,cameron brate,TE,TE,TAM,2021,225.0,0.5502008032128514,0.9429735234215886
229,David Johnson,HOU,RB,30,13,4,0,0,0,0,0,67,228,3.4,0,42,32,225,7.03,1,1,1,1,,,49,81.3,88.3,65.3,,67,,David Johnson,david johnson,RB,RB,HOU,2021,215.0,0.570281124497992,0.8792756539235412
230,Julio Jones,TEN,WR,32,10,10,0,0,0,0,0,0,0,,0,48,31,434,14.0,1,0,0,1,,,49,80.4,83.4,64.9,,93,,Julio Jones,julio jones,WR,WR,TEN,2021,217.0,0.5662650602409638,0.8141414141414142
231,Allen Robinson,CHI,WR,28,12,11,0,0,0,0,0,0,0,,0,66,38,410,10.79,1,0,0,1,1.0,,49,87.0,90.0,68.0,,95,,Allen Robinson,allen robinson,WR,WR,CHI,2021,197.0,0.606425702811245,0.8383838383838383
232,Laquon Treadwell,JAX,WR,26,12,7,0,0,0,0,0,0,0,,0,51,33,434,13.15,1,0,0,1,,,49,82.4,85.4,65.9,,94,,Laquon Treadwell,laquon treadwell,WR,WR,JAX,2021,211.0,0.5783132530120482,0.8222222222222222
233,Derrick Gore,KAN,RB,27,11,0,0,0,0,0,0,51,256,5.02,2,9,8,105,13.13,0,0,0,2,,,48,56.1,62.1,52.1,,68,,Derrick Gore,derrick gore,RB,RB,KAN,2021,271.0,0.45783132530120485,0.8551307847082494
234,Jerry Jeudy,DEN,WR,22,10,5,0,0,0,0,0,2,3,1.5,0,56,38,467,12.29,0,1,0,0,,,47,85.0,88.0,66.0,,96,,Jerry Jeudy,jerry jeudy,WR,WR,DEN,2021,204.0,0.5923694779116466,0.8303030303030303
235,Mack Hollins,MIA,WR,28,17,3,0,0,0,0,0,0,0,,0,28,14,223,15.93,4,0,0,4,,,46,60.3,63.3,53.3,,97,,Mack Hollins,mack hollins,WR,WR,MIA,2021,262.0,0.47590361445783136,0.7737373737373737
236,Travis Homer,SEA,RB,23,14,0,0,0,0,0,0,21,177,8.43,1,20,16,161,10.06,0,0,0,2,,,46,61.8,67.8,53.8,,70,,Travis Homer,travis homer,RB,RB,SEA,2021,259.0,0.4819277108433735,0.8651911468812877
237,Josh Johnson,2TM,QB,35,4,1,57,85,638,5,2,9,28,3.11,0,0,0,0,,0,2,0,0,1.0,,46,46.3,51.3,48.3,,42,,Josh Johnson,josh johnson,QB,QB,2TM,2021,303.0,0.39357429718875503,0.9176706827309237
238,Jeremy McNichols,TEN,RB,26,14,0,0,0,0,0,0,41,156,3.8,0,38,28,240,8.57,1,0,0,1,,,46,73.6,79.6,59.6,,71,,Jeremy McNichols,jeremy mcnichols,RB,RB,TEN,2021,234.0,0.5321285140562249,0.8732394366197183
239,Jaret Patterson,WAS,RB,22,17,1,0,0,0,0,0,68,266,3.91,2,11,10,73,7.3,0,1,0,2,,,46,55.9,58.9,50.9,,69,,Jaret Patterson,jaret patterson,RB,RB,WAS,2021,272.0,0.45582329317269077,0.8531187122736419
240,Danny Amendola,HOU,WR,36,8,0,0,1,0,0,0,0,0,,0,38,24,248,10.33,3,1,0,3,1.0,,45,68.8,71.8,56.8,,99,,Danny Amendola,danny amendola,WR,WR,HOU,2021,244.0,0.5120481927710843,0.7878787878787878
241,Anthony Firkser,TEN,FB,26,15,1,0,0,0,0,0,0,0,,0,43,34,291,8.56,2,2,1,3,,,45,79.1,83.1,62.1,,72,,Anthony Firkser,anthony firkser,FB,FB,TEN,2021,222.0,0.5562248995983936,1.0
242,Jalen Reagor,PHI,WR,22,17,13,0,0,0,0,0,10,32,3.2,0,57,33,299,9.06,2,2,0,2,,,45,78.1,81.1,61.6,,98,,Jalen Reagor,jalen reagor,WR,WR,PHI,2021,226.0,0.5481927710843373,0.8080808080808081
243,Damien Williams,CHI,RB,29,12,2,0,0,0,0,0,40,164,4.1,2,23,16,103,6.44,1,0,0,3,,,45,60.7,66.7,52.7,,73,,Damien Williams,damien williams,RB,RB,CHI,2021,261.0,0.47791164658634533,0.8631790744466801
244,Jeff Wilson,SFO,RB,26,9,4,0,0,0,0,0,79,294,3.72,2,8,7,31,4.43,0,1,0,2,,,45,51.5,54.5,48.0,,74,,Jeff Wilson,jeff wilson,RB,RB,SFO,2021,281.0,0.43775100401606426,0.8511066398390342
245,Kyle Juszczyk*,SFO,FB,30,17,16,0,0,0,0,0,8,22,2.75,1,38,30,296,9.87,1,0,0,2,,,44,73.8,76.8,58.8,,75,,Kyle Juszczyk,kyle juszczyk,FB,FB,SFO,2021,233.0,0.5341365461847389,0.9979591836734694
246,Demarcus Robinson,KAN,WR,27,17,10,0,0,0,0,0,0,0,,0,41,25,264,10.56,3,0,0,3,,,44,69.4,72.4,56.9,,100,,Demarcus Robinson,demarcus robinson,WR,WR,KAN,2021,242.0,0.5160642570281124,0.7898989898989899
247,Mike White,NYJ,QB,26,4,3,88,132,953,5,8,5,-1,-0.2,0,0,0,0,,0,0,0,0,1.0,,44,44.0,55.0,52.0,,43,,Mike White,mike white,QB,QB,NYJ,2021,309.0,0.38152610441767065,0.9156626506024097
248,Chris Conley,HOU,WR,29,16,10,0,0,0,0,0,1,3,3.0,0,37,22,323,14.68,2,1,1,2,,,43,64.6,68.6,53.6,,103,,Chris Conley,chris conley,WR,WR,HOU,2021,254.0,0.4919678714859438,0.7757575757575758
249,Albert Okwuegbunam,DEN,TE,23,14,6,0,0,0,0,0,0,0,,0,40,33,330,10.0,2,1,1,2,,,43,76.0,80.0,59.5,,30,,Albert Okwuegbunam,albert okwuegbunam,TE,TE,DEN,2021,228.0,0.5441767068273092,0.9409368635437881
250,Darius Slayton,NYG,WR,24,13,5,0,0,0,0,0,1,-13,-13.0,0,58,26,339,13.04,2,1,1,2,,,43,68.6,72.6,55.6,,104,,Darius Slayton,darius slayton,WR,WR,NYG,2021,246.0,0.5080321285140562,0.7858585858585858
251,Kadarius Toney,NYG,WR,22,10,4,1,3,19,0,0,3,6,2.0,0,57,39,420,10.77,0,0,0,0,,,43,82.4,85.4,62.9,,102,,Kadarius Toney,kadarius toney,WR,WR,NYG,2021,211.0,0.5783132530120482,0.8222222222222222
252,Sammy Watkins,BAL,WR,28,13,9,0,0,0,0,0,0,0,,0,49,27,394,14.59,1,1,1,1,,,43,70.4,74.4,56.9,,101,,Sammy Watkins,sammy watkins,WR,WR,BAL,2021,239.0,0.5220883534136547,0.7919191919191919
253,Chris Carson,SEA,RB,27,4,4,0,0,0,0,0,54,232,4.3,3,6,6,29,4.83,0,1,1,3,,,42,48.1,52.1,45.1,,76,,Chris Carson,chris carson,RB,RB,SEA,2021,300.0,0.39959839357429716,0.8370221327967806
254,Sterling Shepard,NYG,WR,28,7,6,0,0,0,0,0,1,-9,-9.0,0,53,36,366,10.17,1,0,0,1,,,42,77.7,80.7,59.7,,106,,Sterling Shepard,sterling shepard,WR,WR,NYG,2021,227.0,0.5461847389558233,0.806060606060606
255,James Washington,PIT,WR,25,15,2,0,0,0,0,0,2,13,6.5,0,44,24,285,11.88,2,0,0,2,,,42,65.8,68.8,53.8,,105,,James Washington,james washington,WR,WR,PIT,2021,249.0,0.5020080321285141,0.7818181818181819
256,Dan Arnold,2TM,WR,26,11,4,0,0,0,0,0,0,0,,0,52,35,408,11.66,0,1,1,0,1.0,,41,75.8,79.8,58.3,,107,,Dan Arnold,dan arnold,WR,WR,2TM,2021,230.0,0.5401606425702812,0.8020202020202021
257,Harrison Bryant,CLE,TE,23,16,3,0,0,0,0,0,0,0,,0,28,21,233,11.1,3,0,0,3,,,41,62.3,65.3,51.8,,31,,Harrison Bryant,harrison bryant,TE,TE,CLE,2021,258.0,0.4839357429718876,0.924643584521385
258,Tevin Coleman,NYJ,RB,28,11,5,0,0,0,0,0,84,356,4.24,0,16,11,49,4.45,0,0,0,0,,,41,51.5,54.5,46.0,,78,,Tevin Coleman,tevin coleman,RB,RB,NYJ,2021,281.0,0.43775100401606426,0.8511066398390342
259,Phillip Lindsay,2TM,RB,27,14,1,0,0,0,0,0,88,249,2.83,1,5,4,45,11.25,1,0,0,2,,,41,45.4,48.4,43.4,,77,,Phillip Lindsay,phillip lindsay,RB,RB,2TM,2021,305.0,0.38955823293172687,0.8329979879275654
260,Colt McCoy,ARI,QB,35,8,3,74,99,740,3,1,22,37,1.68,0,0,0,0,,0,4,1,0,,,41,41.3,46.3,42.3,,44,,Colt McCoy,colt mccoy,QB,QB,ARI,2021,313.0,0.37349397590361444,0.9136546184738956
261,Peyton Barber,LVR,RB,27,10,1,0,0,0,0,0,55,212,3.85,2,13,10,67,6.7,0,2,0,2,,,40,49.9,52.9,44.9,,79,,Peyton Barber,peyton barber,RB,RB,LVR,2021,292.0,0.4156626506024096,0.8430583501006036
262,Juwan Johnson,NOR,TE,25,14,2,0,0,0,0,0,0,0,,0,22,13,159,12.23,4,0,0,4,,,40,52.9,55.9,46.4,,32,,Juwan Johnson,juwan johnson,TE,TE,NOR,2021,278.0,0.4437751004016064,0.9103869653767821
263,Calvin Ridley,ATL,WR,27,5,5,0,0,0,0,0,0,0,,0,52,31,281,9.06,2,0,0,2,,,40,71.1,74.1,55.6,,108,,Calvin Ridley,calvin ridley,WR,WR,ATL,2021,238.0,0.5240963855421688,0.793939393939394
264,Damiere Byrd,CHI,WR,28,17,4,0,0,0,0,0,0,0,,0,38,26,329,12.65,1,1,1,1,1.0,,39,64.9,68.9,51.9,,109,,Damiere Byrd,damiere byrd,WR,WR,CHI,2021,252.0,0.49598393574297184,0.7777777777777778
265,DeeJay Dallas,SEA,RB,23,17,0,0,0,0,0,0,33,138,4.18,2,23,21,133,6.33,0,1,0,2,,,39,60.1,66.1,49.6,,80,,DeeJay Dallas,deejay dallas,RB,RB,SEA,2021,263.0,0.4738955823293173,0.8611670020120724
266,Ashton Dulin,IND,WR,24,17,1,0,0,0,0,0,3,32,10.67,0,22,13,173,13.31,2,0,0,3,,,39,51.5,54.5,45.0,,111,,Ashton Dulin,ashton dulin,WR,WR,IND,2021,281.0,0.43775100401606426,0.7616161616161616
267,Donald Parham,LAC,TE,24,14,9,0,0,0,0,0,0,0,,0,27,20,190,9.5,3,0,0,3,1.0,,39,59.0,62.0,49.0,,35,,Donald Parham,donald parham,TE,TE,LAC,2021,267.0,0.46586345381526106,0.9185336048879837
268,Ricky Seals-Jones,WAS,TE,26,13,6,0,0,0,0,0,0,0,,0,49,30,271,9.03,2,0,0,2,,,39,69.1,72.1,54.1,,34,,Ricky Seals-Jones,ricky seals-jones,TE,TE,WAS,2021,243.0,0.5140562248995983,0.9348268839103869
269,Jonnu Smith,NWE,TE,26,16,11,0,0,0,0,0,9,40,4.44,0,45,28,294,10.5,1,1,0,1,,,39,67.4,70.4,53.4,,33,,Jonnu Smith,jonnu smith,TE,TE,NWE,2021,247.0,0.5060240963855422,0.9327902240325866
270,Geoff Swaim,TEN,TE,28,16,16,0,0,0,0,0,0,0,,0,40,31,210,6.77,3,0,0,3,,,39,70.0,73.0,54.5,,36,,Geoff Swaim,geoff swaim,TE,TE,TEN,2021,240.0,0.5200803212851406,0.9389002036659878
271,Antoine Wesley,ARI,WR,24,15,4,0,0,0,0,0,0,0,,0,32,19,208,10.95,3,0,0,3,,,39,57.8,60.8,48.3,,110,,Antoine Wesley,antoine wesley,WR,WR,ARI,2021,268.0,0.463855421686747,0.7717171717171717
272,Ryan Griffin,NYJ,TE,31,14,12,0,0,0,0,0,0,0,,0,42,27,261,9.67,2,1,0,2,,,38,65.1,68.1,51.6,,37,,Ryan Griffin,ryan griffin,TE,TE,NYJ,2021,250.0,0.5,0.9307535641547862
273,Adam Humphries,WAS,WR,28,17,11,0,0,0,0,0,0,0,,0,62,41,383,9.34,0,0,0,0,,,38,79.3,82.3,58.8,,112,,Adam Humphries,adam humphries,WR,WR,WAS,2021,219.0,0.5622489959839357,0.8121212121212121
274,Hayden Hurst,ATL,TE,28,13,5,0,0,0,0,0,0,0,,0,31,26,221,8.5,3,3,1,3,,,38,64.1,68.1,51.1,,38,,Hayden Hurst,hayden hurst,TE,TE,ATL,2021,255.0,0.4899598393574297,0.9287169042769857
275,Josiah Deguara,GNB,TE,24,16,2,0,0,0,0,0,0,0,,0,33,25,245,9.8,2,0,0,2,,,37,61.5,64.5,49.0,,40,,Josiah Deguara,josiah deguara,TE,TE,GNB,2021,260.0,0.4799196787148594,0.9226069246435845
276,Marquise Goodwin,CHI,WR,31,14,2,0,0,0,0,0,2,-1,-0.5,0,40,20,313,15.65,1,1,0,1,,,37,57.2,60.2,47.2,,113,,Marquise Goodwin,marquise goodwin,WR,WR,CHI,2021,270.0,0.4598393574297188,0.7676767676767677
277,Jimmy Graham,CHI,TE,35,15,6,0,0,0,0,0,0,0,,0,23,14,167,11.93,3,0,0,3,1.0,,37,50.7,53.7,43.7,,39,,Jimmy Graham,jimmy graham,TE,TE,CHI,2021,286.0,0.42771084337349397,0.9063136456211812
278,Lil'Jordan Humphrey,NOR,WR,23,10,4,0,0,0,0,0,0,0,,0,18,13,249,19.15,2,0,0,2,,,37,49.9,52.9,43.4,,114,,Lil'Jordan Humphrey,liljordan humphrey,WR,WR,NOR,2021,292.0,0.4156626506024096,0.7575757575757576
279,Dare Ogunbowale,JAX,RB,27,17,2,0,0,0,0,0,43,137,3.19,1,21,13,114,8.77,1,0,0,2,,,37,50.1,56.1,43.6,,81,,Dare Ogunbowale,dare ogunbowale,RB,RB,JAX,2021,290.0,0.41967871485943775,0.8450704225352113
280,Giovani Bernard,TAM,RB,30,12,0,0,0,0,0,0,8,58,7.25,0,29,23,123,5.35,3,1,0,3,,,36,59.1,62.1,47.6,,82,,Giovani Bernard,giovani bernard,RB,RB,TAM,2021,265.0,0.4698795180722891,0.8591549295774648
281,Matt Breida,BUF,RB,26,9,0,0,0,0,0,0,26,125,4.81,1,9,7,72,10.29,2,1,1,3,,,36,42.7,46.7,39.2,,83,,Matt Breida,matt breida,RB,RB,BUF,2021,310.0,0.37951807228915657,0.8309859154929577
282,Tyler Johnson,TAM,WR,23,17,3,0,0,0,0,0,0,0,,0,55,36,360,10.0,0,0,0,0,,,36,72.0,75.0,54.0,,115,,Tyler Johnson,tyler johnson,WR,WR,TAM,2021,237.0,0.5261044176706827,0.795959595959596
283,Brevin Jordan,HOU,TE,21,9,2,0,0,0,0,0,0,0,,0,28,20,178,8.9,3,0,0,3,,,36,55.8,58.8,45.8,,43,,Brevin Jordan,brevin jordan,TE,TE,HOU,2021,273.0,0.4538152610441767,0.9164969450101833
284,Durham Smythe,MIA,TE,26,17,12,0,0,0,0,0,2,3,1.5,0,41,34,357,10.5,0,0,0,0,,,36,70.0,73.0,53.0,,42,,Durham Smythe,durham smythe,TE,TE,MIA,2021,240.0,0.5200803212851406,0.9389002036659878
285,Logan Thomas,WAS,TE,30,6,6,0,0,0,0,0,0,0,,0,25,18,196,10.89,3,1,1,3,,,36,53.6,57.6,44.6,,44,,Logan Thomas,logan thomas,TE,TE,WAS,2021,276.0,0.44779116465863456,0.9144602851323829
286,Adam Trautman,NOR,TE,24,13,10,0,0,0,0,0,0,0,,0,43,27,263,9.74,2,1,1,2,,,36,63.3,67.3,49.8,,41,,Adam Trautman,adam trautman,TE,TE,NOR,2021,256.0,0.4879518072289156,0.9266802443991853
287,Chris Evans,CIN,RB,24,14,1,0,0,0,0,0,17,77,4.53,0,17,15,151,10.07,2,0,0,2,,,35,49.8,52.8,42.3,,84,,Chris Evans,chris evans,RB,RB,CIN,2021,294.0,0.41164658634538154,0.8410462776659959
288,Cyril Grayson,TAM,WR,28,5,3,0,0,0,0,0,1,14,14.0,0,12,10,212,21.2,2,0,0,2,,,35,44.6,47.6,39.6,,118,,Cyril Grayson,cyril grayson,WR,WR,TAM,2021,307.0,0.3855421686746988,0.7434343434343434
289,Chris Moore,HOU,WR,28,12,1,0,0,0,0,0,0,0,,0,22,21,227,10.81,2,0,0,2,,,35,55.7,58.7,45.2,,117,,Chris Moore,chris moore,WR,WR,HOU,2021,274.0,0.4518072289156626,0.7656565656565657
290,MyCole Pruitt,TEN,TE,29,16,9,0,0,0,0,0,0,0,,0,18,14,145,10.36,3,0,0,3,1.0,,35,48.5,51.5,41.5,,45,,MyCole Pruitt,mycole pruitt,TE,TE,TEN,2021,299.0,0.40160642570281124,0.8981670061099796
291,Chester Rogers,TEN,WR,27,16,2,0,0,0,0,0,1,9,9.0,0,43,30,301,10.03,1,4,1,1,,,35,65.0,69.0,50.0,,116,,Chester Rogers,chester rogers,WR,WR,TEN,2021,251.0,0.4979919678714859,0.7797979797979798
292,Quintez Cephus,DET,WR,23,5,3,0,0,0,0,0,0,0,,0,22,15,204,13.6,2,0,0,2,1.0,,34,49.4,52.4,41.9,,119,,Quintez Cephus,quintez cephus,WR,WR,DET,2021,296.0,0.4076305220883534,0.7555555555555555
293,Rashard Higgins,CLE,WR,27,15,4,0,0,0,0,0,0,0,,0,47,24,275,11.46,1,0,0,1,,,34,57.5,60.5,45.5,,121,,Rashard Higgins,rashard higgins,WR,WR,CLE,2021,269.0,0.4618473895582329,0.7696969696969697
294,Carlos Hyde,JAX,RB,31,12,2,0,0,0,0,0,72,253,3.51,1,21,12,65,5.42,0,2,2,1,,,34,45.8,50.8,39.8,,85,,Carlos Hyde,carlos hyde,RB,RB,JAX,2021,304.0,0.39156626506024095,0.8350100603621731
295,Gardner Minshew II,PHI,QB,25,4,2,41,60,439,4,1,9,21,2.33,0,0,0,0,,0,1,0,0,,,34,33.7,37.7,34.7,,45,,Gardner Minshew II,gardner minshew ii,QB,QB,PHI,2021,337.0,0.32530120481927716,0.9116465863453815
296,Kyle Rudolph,NYG,TE,32,16,13,0,0,0,0,0,0,0,,0,39,26,257,9.88,1,0,0,1,1.0,,34,59.7,62.7,46.7,,46,,Kyle Rudolph,kyle rudolph,TE,TE,NYG,2021,264.0,0.4718875502008032,0.9205702647657841
297,Cam Sims,WAS,WR,25,14,3,0,0,0,0,0,1,7,7.0,0,23,15,211,14.07,2,0,0,2,,,34,48.8,51.8,41.3,,120,,Cam Sims,cam sims,WR,WR,WAS,2021,298.0,0.4036144578313253,0.7515151515151515
298,Le'Veon Bell,2TM,RB,29,8,0,0,0,0,0,0,39,101,2.59,2,7,5,30,6.0,1,0,0,3,1.0,,33,38.1,41.1,35.6,,86,,Le'Veon Bell,leveon bell,RB,RB,2TM,2021,322.0,0.35542168674698793,0.8249496981891348
299,Demetric Felton,CLE,RB,23,16,2,0,0,0,0,0,7,24,3.43,0,21,18,181,10.06,2,4,0,2,,,33,50.5,53.5,41.5,,89,,Demetric Felton,demetric felton,RB,RB,CLE,2021,287.0,0.4257028112449799,0.8470824949698189
300,Isaiah McKenzie,BUF,WR,26,15,2,0,0,0,0,0,9,47,5.22,1,26,20,178,8.9,1,2,1,2,,,33,52.5,56.5,42.5,,123,,Isaiah McKenzie,isaiah mckenzie,WR,WR,BUF,2021,279.0,0.4417670682730924,0.7636363636363637
301,Tommy Tremble,CAR,TE,21,16,11,0,0,0,0,0,3,11,3.67,1,35,20,180,9.0,1,0,0,2,1.0,,33,53.1,56.1,43.1,,47,,Tommy Tremble,tommy tremble,TE,TE,CAR,2021,277.0,0.4457831325301205,0.9124236252545825
302,Malik Turner,DAL,WR,25,14,0,0,0,0,0,0,0,0,,0,16,12,149,12.42,3,0,0,3,,,33,44.9,47.9,38.9,,122,,Malik Turner,malik turner,WR,WR,DAL,2021,306.0,0.3875502008032129,0.7454545454545455
303,Ke'Shawn Vaughn,TAM,RB,24,12,1,0,0,0,0,0,36,180,5.0,2,8,4,26,6.5,0,0,0,2,,,33,36.6,39.6,34.6,,88,,Ke'Shawn Vaughn,keshawn vaughn,RB,RB,TAM,2021,325.0,0.3493975903614458,0.8229376257545271
304,Ty'Son Williams,BAL,RB,25,13,3,0,0,0,0,0,35,185,5.29,1,12,9,84,9.33,0,1,0,1,,,33,41.9,44.9,37.4,,87,,Ty'Son Williams,tyson williams,RB,RB,BAL,2021,311.0,0.3775100401606426,0.8289738430583501
305,Robert Tonyan,GNB,TE,27,8,5,0,0,0,0,0,0,0,,0,29,18,204,11.33,2,0,0,2,,,32,50.4,53.4,41.4,,48,,Robert Tonyan,robert tonyan,TE,TE,GNB,2021,288.0,0.4236947791164659,0.9042769857433809
306,John Bates,WAS,TE,24,17,8,0,0,0,0,0,0,0,,0,25,20,249,12.45,1,1,0,1,,,31,50.9,53.9,40.9,,49,,John Bates,john bates,TE,TE,WAS,2021,285.0,0.42971887550200805,0.9083503054989817
307,Mike Glennon,NYG,QB,32,6,4,90,167,790,4,10,7,33,4.71,1,0,0,0,,0,6,3,1,,,31,30.9,46.9,40.9,,46,,Mike Glennon,mike glennon,QB,QB,NYG,2021,348.0,0.3032128514056225,0.9096385542168675
308,Brandon Zylstra,CAR,WR,28,13,3,0,1,0,0,0,0,0,,0,25,18,250,13.89,1,0,0,1,,,31,49.0,52.0,40.0,,124,,Brandon Zylstra,brandon zylstra,WR,WR,CAR,2021,297.0,0.4056224899598394,0.7535353535353535
309,John Ross,NYG,WR,26,10,1,0,0,0,0,0,1,16,16.0,0,20,11,224,20.36,1,1,0,1,,,30,41.0,44.0,35.5,,125,,John Ross,john ross,WR,WR,NYG,2021,315.0,0.3694779116465864,0.7414141414141414
310,Will Dissly,SEA,TE,25,15,14,0,0,0,0,0,0,0,,0,26,21,231,11.0,1,1,0,1,,,29,50.1,53.1,39.6,,50,,Will Dissly,will dissly,TE,TE,SEA,2021,290.0,0.41967871485943775,0.90020366598778
311,Jakeem Grant*,2TM,WR,29,15,0,0,0,0,0,0,5,33,6.6,0,17,11,132,12.0,2,3,3,3,,,29,39.5,45.5,34.0,,126,,Jakeem Grant,jakeem grant,WR,WR,2TM,2021,317.0,0.3654618473895582,0.7373737373737373
312,Case Keenum,CLE,QB,33,7,2,47,72,462,3,1,12,22,1.83,0,0,0,0,,0,1,1,0,,,29,28.7,33.7,29.7,,47,,Case Keenum,case keenum,QB,QB,CLE,2021,352.0,0.29518072289156627,0.9076305220883534
313,Isaiah Ford,MIA,WR,25,13,2,0,0,0,0,0,0,0,,0,17,12,161,13.42,2,0,0,2,,,28,40.1,43.1,34.1,,127,,Isaiah Ford,isaiah ford,WR,WR,MIA,2021,316.0,0.3674698795180723,0.7393939393939394
314,Craig Reynolds,DET,RB,25,5,2,0,0,0,0,0,55,230,4.18,0,8,7,52,7.43,0,0,0,0,,,28,35.2,38.2,31.7,,90,,Craig Reynolds,craig reynolds,RB,RB,DET,2021,331.0,0.3373493975903614,0.8169014084507042
315,Greg Ward,PHI,WR,26,17,0,1,2,2,0,0,0,0,,0,11,7,95,13.57,3,0,0,3,,,28,34.6,34.6,31.1,,128,,Greg Ward,greg ward,WR,WR,PHI,2021,333.0,0.33333333333333337,0.7292929292929293
316,Salvon Ahmed,MIA,RB,23,12,0,0,0,0,0,0,54,149,2.76,0,19,12,117,9.75,0,0,0,0,,,27,38.6,44.6,32.6,,92,,Salvon Ahmed,salvon ahmed,RB,RB,MIA,2021,319.0,0.3614457831325302,0.8269617706237424
317,Tavon Austin,JAX,WR,31,13,3,0,0,0,0,0,3,21,7.0,0,37,24,213,8.88,1,1,1,1,,,27,51.4,55.4,39.4,,129,,Tavon Austin,tavon austin,WR,WR,JAX,2021,284.0,0.4317269076305221,0.7595959595959596
318,DJ Chark,JAX,WR,25,4,4,0,0,0,0,0,0,0,,0,22,7,154,22.0,2,0,0,2,,,27,34.4,37.4,30.9,,130,,DJ Chark,dj chark,WR,WR,JAX,2021,335.0,0.3293172690763052,0.7272727272727273
319,Jamycal Hasty,SFO,RB,25,11,0,0,0,0,0,0,16,68,4.25,1,29,23,157,6.83,0,2,1,1,,,27,49.5,53.5,38.0,,93,,Jamycal Hasty,jamycal hasty,RB,RB,SFO,2021,295.0,0.40963855421686746,0.8390342052313884
320,Ray-Ray McCloud,PIT,WR,25,16,5,0,0,0,0,0,2,15,7.5,0,66,39,277,7.1,0,4,1,0,,,27,66.2,70.2,46.7,,131,,Ray-Ray McCloud,ray-ray mccloud,WR,WR,PIT,2021,248.0,0.5040160642570282,0.7838383838383838
321,Elijhaa Penny,NYG,RB,28,17,3,0,0,0,0,0,24,99,4.13,1,13,9,30,3.33,1,0,0,2,1.0,,27,35.9,35.9,31.4,,91,,Elijhaa Penny,elijhaa penny,RB,RB,NYG,2021,327.0,0.34538152610441764,0.8209255533199196
322,James O'Shaughnessy,JAX,TE,29,7,6,0,0,0,0,0,0,0,,0,34,24,244,10.17,0,0,0,0,1.0,,26,50.4,53.4,38.4,,51,,James O'Shaughnessy,james oshaughnessy,TE,TE,JAX,2021,288.0,0.4236947791164659,0.9042769857433809
323,Royce Freeman,2TM,RB,25,15,0,0,0,0,0,0,56,169,3.02,0,16,10,77,7.7,0,0,0,0,,,25,34.6,37.6,29.6,,95,,Royce Freeman,royce freeman,RB,RB,2TM,2021,333.0,0.33333333333333337,0.8148893360160966
324,Trey Sermon,SFO,RB,22,9,2,0,0,0,0,0,41,167,4.07,1,4,3,26,8.67,0,0,0,1,,,25,28.3,31.3,26.8,,94,,Trey Sermon,trey sermon,RB,RB,SFO,2021,355.0,0.28915662650602414,0.8088531187122736
325,Maxx Williams,ARI,TE,27,5,5,0,0,0,0,0,0,0,,0,17,16,193,12.06,1,0,0,1,,,25,41.3,44.3,33.3,,52,,Maxx Williams,maxx williams,TE,TE,ARI,2021,313.0,0.37349397590361444,0.8920570264765784
326,Tim Boyle,DET,QB,27,5,3,61,94,526,3,6,2,13,6.5,0,0,0,0,,0,1,0,0,,1.0,24,24.3,33.3,30.3,,48,,Tim Boyle,tim boyle,QB,QB,DET,2021,366.0,0.26706827309236947,0.9056224899598394
327,Joe Flacco,NYJ,QB,36,2,1,27,42,338,3,0,2,3,1.5,0,0,0,0,,0,1,1,0,,,24,23.8,27.8,23.8,,50,,Joe Flacco,joe flacco,QB,QB,NYJ,2021,369.0,0.26104417670682734,0.9016064257028112
328,Kendall Hinton,DEN,WR,24,16,1,1,1,1,0,0,0,0,,0,23,15,175,11.67,1,0,0,1,,,24,38.5,41.5,31.0,,133,,Kendall Hinton,kendall hinton,WR,WR,DEN,2021,320.0,0.3594377510040161,0.7353535353535354
329,Cooper Rush,DAL,QB,28,5,1,30,47,422,3,1,9,-8,-0.89,0,0,0,0,,0,1,1,0,,,24,24.1,29.1,25.1,,49,,Cooper Rush,cooper rush,QB,QB,DAL,2021,368.0,0.2630522088353414,0.9036144578313253
330,Ihmir Smith-Marsette,MIN,WR,22,8,1,0,0,0,0,0,0,0,,0,6,5,116,23.2,2,0,0,2,,,24,28.6,31.6,26.1,,132,,Ihmir Smith-Marsette,ihmir smith-marsette,WR,WR,MIN,2021,353.0,0.2931726907630522,0.7090909090909091
331,Brock Wright,DET,TE,23,10,5,0,0,0,0,0,0,0,,0,17,12,117,9.75,2,0,0,2,,,24,35.7,38.7,29.7,,53,,Brock Wright,brock wright,TE,TE,DET,2021,329.0,0.3413654618473896,0.8818737270875764
332,Stephen Anderson,LAC,TE,28,17,4,0,0,0,0,0,0,0,,0,19,16,165,10.31,1,0,0,1,,,23,38.5,41.5,30.5,,55,,Stephen Anderson,stephen anderson,TE,TE,LAC,2021,320.0,0.3594377510040161,0.8879837067209776
333,Corey Clement,DAL,RB,27,17,0,0,0,0,0,0,33,140,4.24,0,7,6,29,4.83,1,0,0,1,,,23,28.9,31.9,25.9,,96,,Corey Clement,corey clement,RB,RB,DAL,2021,351.0,0.29718875502008035,0.8108651911468813
334,Tyler Kroft,NYJ,TE,29,9,6,0,0,0,0,0,0,0,,0,25,16,173,10.81,1,0,0,1,,,23,39.3,42.3,31.3,,54,,Tyler Kroft,tyler kroft,TE,TE,NYJ,2021,318.0,0.36345381526104414,0.890020366598778
335,Jerick McKinnon,KAN,RB,29,13,0,0,0,0,0,0,12,62,5.17,0,20,13,107,8.23,1,0,0,1,,,23,35.9,38.9,29.4,,97,,Jerick McKinnon,jerick mckinnon,RB,RB,KAN,2021,327.0,0.34538152610441764,0.8209255533199196
336,Adrian Peterson,2TM,RB,36,4,3,0,0,0,0,0,38,98,2.58,2,4,4,8,2.0,0,1,0,2,,,23,26.6,26.6,24.6,,98,,Adrian Peterson,adrian peterson,RB,RB,2TM,2021,361.0,0.27710843373493976,0.8028169014084507
337,Anthony Schwartz,CLE,WR,21,14,2,0,0,0,0,0,6,39,6.5,0,23,10,135,13.5,1,0,0,1,,,23,33.4,36.4,28.4,,134,,Anthony Schwartz,anthony schwartz,WR,WR,CLE,2021,339.0,0.321285140562249,0.7232323232323232
338,Tajae Sharpe,ATL,WR,27,15,7,0,0,0,0,0,0,0,,0,37,25,230,9.2,0,0,0,0,,,23,48.0,51.0,35.5,,135,,Tajae Sharpe,tajae sharpe,WR,WR,ATL,2021,301.0,0.3975903614457831,0.7494949494949494
339,Albert Wilson,MIA,WR,29,14,5,0,1,0,0,0,4,17,4.25,0,39,25,213,8.52,0,0,0,0,,,23,48.0,51.0,35.5,,136,,Albert Wilson,albert wilson,WR,WR,MIA,2021,301.0,0.3975903614457831,0.7494949494949494
340,Eno Benjamin,ARI,RB,22,9,0,0,0,0,0,0,34,118,3.47,1,7,6,42,7.0,0,0,0,1,,,22,28.0,31.0,25.0,,99,,Eno Benjamin,eno benjamin,RB,RB,ARI,2021,359.0,0.2811244979919679,0.8068410462776661
341,Parris Campbell,IND,WR,24,6,3,0,0,0,0,0,0,0,,0,20,10,162,16.2,1,0,0,1,,,22,32.2,35.2,27.2,,138,,Parris Campbell,parris campbell,WR,WR,IND,2021,346.0,0.30722891566265065,0.7151515151515151
342,Blake Jarwin,DAL,TE,27,8,5,0,0,0,0,0,0,0,,0,17,11,96,8.73,2,0,0,2,,,22,32.6,32.6,27.1,,56,,Blake Jarwin,blake jarwin,TE,TE,DAL,2021,344.0,0.3112449799196787,0.8757637474541752
343,Jermar Jefferson,DET,RB,21,7,0,0,0,0,0,0,15,74,4.93,2,5,4,23,5.75,0,0,0,2,,,22,25.7,25.7,23.7,,100,,Jermar Jefferson,jermar jefferson,RB,RB,DET,2021,362.0,0.2751004016064257,0.8008048289738431
344,Breshad Perriman,TAM,WR,28,6,0,0,0,0,0,0,1,-3,-3.0,0,18,11,167,15.18,1,0,0,1,,,22,33.4,36.4,27.9,,137,,Breshad Perriman,breshad perriman,WR,WR,TAM,2021,339.0,0.321285140562249,0.7232323232323232
345,Eric Ebron,PIT,TE,28,8,3,0,0,0,0,0,1,1,1.0,1,18,12,84,7.0,1,0,0,2,,,21,32.5,32.5,26.5,,58,,Eric Ebron,eric ebron,TE,TE,PIT,2021,345.0,0.3092369477911646,0.8737270875763747
346,Marcedes Lewis,GNB,TE,37,17,17,0,0,0,0,0,0,0,,0,28,23,214,9.3,0,1,0,0,,,21,44.4,47.4,32.9,,57,,Marcedes Lewis,marcedes lewis,TE,TE,GNB,2021,308.0,0.38353413654618473,0.8961303462321792
347,Jordan Love,GNB,QB,23,6,1,36,62,411,2,3,12,27,2.25,0,0,0,0,,0,3,1,0,1.0,,21,21.1,28.1,24.1,,51,,Jordan Love,jordan love,QB,QB,GNB,2021,381.0,0.23694779116465858,0.8995983935742972
348,Malcolm Brown,MIA,RB,28,7,3,0,0,0,0,0,33,125,3.79,1,5,3,10,3.33,0,0,0,1,,,20,22.5,25.5,21.0,,102,,Malcolm Brown,malcolm brown,RB,RB,MIA,2021,374.0,0.25100401606425704,0.7947686116700201
349,O.J. Howard,TAM,TE,27,17,9,0,0,0,0,0,0,0,,0,21,14,135,9.64,1,0,0,1,,,20,33.5,36.5,26.5,,59,,O.J. Howard,oj howard,TE,TE,TAM,2021,338.0,0.3232931726907631,0.8778004073319756
350,Godwin Igwebuike,DET,RB,27,17,1,0,0,0,0,0,18,118,6.56,1,10,7,60,8.57,0,2,2,1,,,20,26.8,31.8,23.3,,101,,Godwin Igwebuike,godwin igwebuike,RB,RB,DET,2021,360.0,0.27911646586345384,0.8048289738430583
351,James Proche,BAL,WR,25,14,0,0,0,0,0,0,0,0,,0,20,16,202,12.63,0,0,0,0,,,20,36.2,39.2,28.2,,139,,James Proche,james proche,WR,WR,BAL,2021,326.0,0.3473895582329317,0.7333333333333334
352,JuJu Smith-Schuster,PIT,WR,25,5,5,0,0,0,0,0,3,9,3.0,1,28,15,129,8.6,0,0,0,1,,,20,34.8,37.8,27.3,,140,,JuJu Smith-Schuster,juju smith-schuster,WR,WR,PIT,2021,332.0,0.33534136546184734,0.7313131313131314
353,Kene Nwangwu,MIN,RB,23,11,0,0,0,0,0,0,13,61,4.69,0,5,4,9,2.25,0,0,0,2,,,19,23.0,23.0,21.0,,104,,Kene Nwangwu,kene nwangwu,RB,RB,MIN,2021,372.0,0.2550200803212851,0.7967806841046278
354,Ian Thomas,CAR,TE,25,17,13,0,0,0,0,0,0,0,,0,30,18,188,10.44,0,0,0,0,,,19,36.8,39.8,27.8,,61,,Ian Thomas,ian thomas,TE,TE,CAR,2021,324.0,0.3514056224899599,0.8839103869653768
355,Nick Vannett,NOR,TE,28,7,2,0,0,0,0,0,0,0,,0,15,9,133,14.78,1,0,0,1,,,19,28.3,31.3,23.8,,60,,Nick Vannett,nick vannett,TE,TE,NOR,2021,355.0,0.28915662650602414,0.8716904276985743
356,James White,NWE,RB,29,3,0,0,0,0,0,0,10,38,3.8,1,14,12,94,7.83,0,0,0,1,,,19,31.2,31.2,25.2,,103,,James White,james white,RB,RB,NWE,2021,347.0,0.30522088353413657,0.8128772635814889
357,Jordan Akins,HOU,TE,29,13,3,0,0,0,0,0,1,3,3.0,0,33,24,214,8.92,0,2,2,0,,,18,41.7,46.7,29.7,,62,,Jordan Akins,jordan akins,TE,TE,HOU,2021,312.0,0.3755020080321285,0.8940936863543788
358,Noah Brown,DAL,WR,25,13,1,0,0,0,0,0,0,0,,0,25,16,184,11.5,0,0,0,0,,,18,34.4,37.4,26.4,,141,,Noah Brown,noah brown,WR,WR,DAL,2021,335.0,0.3293172690763052,0.7272727272727273
359,D'Wayne Eskridge,SEA,WR,24,10,0,0,0,0,0,0,4,59,14.75,0,20,10,64,6.4,1,0,0,1,,,18,28.3,28.3,23.3,,142,,D'Wayne Eskridge,dwayne eskridge,WR,WR,SEA,2021,355.0,0.28915662650602414,0.705050505050505
360,KhaDarel Hodge,DET,WR,26,16,1,0,0,0,0,0,0,0,,0,27,13,157,12.08,0,0,0,0,1.0,,18,30.7,33.7,24.2,,143,,KhaDarel Hodge,khadarel hodge,WR,WR,DET,2021,349.0,0.3012048192771084,0.7131313131313131
361,Mason Rudolph,PIT,QB,26,2,1,35,58,277,1,1,5,53,10.6,0,0,0,0,,0,1,0,0,,,18,18.4,19.4,19.4,,52,,Mason Rudolph,mason rudolph,QB,QB,PIT,2021,400.0,0.1987951807228916,0.8975903614457832
362,Mohamed Sanu,SFO,WR,32,8,0,0,0,0,0,0,0,0,,0,24,15,177,11.8,0,0,0,0,,,18,32.7,35.7,25.2,,144,,Mohamed Sanu,mohamed sanu,WR,WR,SFO,2021,343.0,0.3132530120481928,0.7171717171717171
363,Nick Foles,CHI,QB,32,1,1,24,35,250,1,0,4,8,2.0,0,0,0,0,,0,1,0,0,,1.0,17,16.8,16.8,16.8,,53,,Nick Foles,nick foles,QB,QB,CHI,2021,406.0,0.18674698795180722,0.8955823293172691
364,Jody Fortson,KAN,TE,26,6,0,0,0,0,0,0,0,0,,0,5,5,47,9.4,2,0,0,2,,,17,21.7,21.7,19.2,,63,,Jody Fortson,jody fortson,TE,TE,KAN,2021,376.0,0.24698795180722888,0.8676171079429735
365,Zach Gentry,PIT,TE,25,17,12,0,0,0,0,0,0,0,,0,25,19,167,8.79,0,0,0,0,,,17,35.7,38.7,26.2,,64,,Zach Gentry,zach gentry,TE,TE,PIT,2021,329.0,0.3413654618473896,0.8818737270875764
366,Tony Jones,NOR,RB,24,11,4,0,0,0,0,0,54,142,2.63,0,8,5,29,5.8,0,0,0,0,,,17,22.1,25.1,19.6,,105,,Tony Jones,tony jones,RB,RB,NOR,2021,375.0,0.24899598393574296,0.7927565392354124
367,Austin Walter,NYJ,RB,25,4,0,0,0,0,0,0,26,101,3.88,1,3,2,9,4.5,0,0,0,1,,,17,19.0,22.0,18.0,,106,,Austin Walter,austin walter,RB,RB,NYJ,2021,395.0,0.2088353413654619,0.7867203219315895
368,Jonathan Williams,WAS,RB,27,5,0,0,0,0,0,0,17,79,4.65,1,6,4,28,7.0,0,0,0,1,,,17,20.7,20.7,18.7,,107,,Jonathan Williams,jonathan williams,RB,RB,WAS,2021,382.0,0.2349397590361446,0.7907444668008048
369,Dyami Brown,WAS,WR,22,15,6,0,0,0,0,0,1,-4,-4.0,0,25,12,165,13.75,0,0,0,0,,,16,28.1,31.1,22.1,,147,,Dyami Brown,dyami brown,WR,WR,WAS,2021,358.0,0.2831325301204819,0.703030303030303
370,C.J. Ham,MIN,FB,28,17,8,0,0,0,0,0,7,34,4.86,0,18,17,125,7.35,0,0,0,0,,,16,32.9,35.9,24.4,,108,,C.J. Ham,cj ham,FB,FB,MIN,2021,341.0,0.31726907630522083,0.9959183673469387
371,N'Keal Harry,NWE,WR,24,12,4,0,0,0,0,0,0,0,,0,22,12,184,15.33,0,1,1,0,,,16,28.4,32.4,22.4,,145,,N'Keal Harry,nkeal harry,WR,WR,NWE,2021,354.0,0.2911646586345381,0.7070707070707071
372,Marcus Johnson,TEN,WR,27,7,3,0,0,0,0,0,2,-2,-1.0,0,19,9,160,17.78,0,0,0,0,,,16,24.8,27.8,20.3,,148,,Marcus Johnson,marcus johnson,WR,WR,TEN,2021,364.0,0.27108433734939763,0.698989898989899
373,Terrace Marshall Jr.,CAR,WR,21,13,3,0,0,0,0,0,0,0,,0,30,17,138,8.12,0,0,0,0,1.0,,16,32.8,35.8,24.3,,149,,Terrace Marshall Jr.,terrace marshall jr,WR,WR,CAR,2021,342.0,0.31526104417670686,0.7191919191919192
374,Qadree Ollison,ATL,RB,25,8,0,0,0,0,0,0,21,105,5.0,1,6,4,12,3.0,0,1,1,1,,,16,19.7,23.7,17.7,,109,,Qadree Ollison,qadree ollison,RB,RB,ATL,2021,388.0,0.22289156626506024,0.7887323943661972
375,Kristian Wilkerson,NWE,WR,24,3,1,0,0,0,0,0,0,0,,0,8,4,42,10.5,2,0,0,2,,,16,20.2,20.2,18.2,,146,,Kristian Wilkerson,kristian wilkerson,WR,WR,NWE,2021,386.0,0.2269076305220884,0.6868686868686869
376,Pharaoh Brown,HOU,TE,27,15,12,0,0,0,0,0,0,0,,0,34,23,171,7.43,0,1,1,0,,,15,38.1,42.1,26.6,,65,,Pharaoh Brown,pharaoh brown,TE,TE,HOU,2021,322.0,0.35542168674698793,0.8859470468431772
377,Alec Ingold,LVR,FB,25,9,3,0,0,0,0,0,2,1,0.5,0,12,10,85,8.5,1,0,0,1,,,15,24.6,24.6,19.6,,111,,Alec Ingold,alec ingold,FB,FB,LVR,2021,365.0,0.26907630522088355,0.9938775510204082
378,Marcus Mariota,LVR,QB,28,10,0,1,2,4,0,0,13,87,6.69,1,0,0,0,,0,1,0,1,,,15,14.9,14.9,14.9,,54,,Marcus Mariota,marcus mariota,QB,QB,LVR,2021,417.0,0.16465863453815266,0.893574297188755
379,Dante Pettis,NYG,WR,26,3,0,1,1,16,0,0,0,0,,0,16,10,87,8.7,1,1,0,1,,,15,25.3,25.3,20.3,,150,,Dante Pettis,dante pettis,WR,WR,NYG,2021,363.0,0.2730923694779116,0.7010101010101011
380,Larry Rountree,LAC,RB,22,12,0,0,0,0,0,0,36,87,2.42,1,2,1,-1,-1.0,0,0,0,1,,,15,15.6,15.6,15.1,,112,,Larry Rountree,larry rountree,RB,RB,LAC,2021,413.0,0.17269076305220887,0.778672032193159
381,Trent Sherfield,SFO,WR,25,17,1,0,0,0,0,0,0,0,,0,20,9,87,9.67,1,0,0,1,,,15,23.7,23.7,19.2,,151,,Trent Sherfield,trent sherfield,WR,WR,SFO,2021,370.0,0.25903614457831325,0.694949494949495
382,J.J. Taylor,NWE,RB,23,5,0,0,0,0,0,0,19,37,1.95,2,4,4,8,2.0,0,1,1,2,,,15,18.5,19.5,16.5,,113,,J.J. Taylor,jj taylor,RB,RB,NWE,2021,399.0,0.20080321285140568,0.7847082494969819
383,Patrick Taylor,GNB,RB,23,9,0,0,0,0,0,0,23,89,3.87,1,2,2,3,1.5,0,0,0,1,,,15,17.2,17.2,16.2,,110,,Patrick Taylor,patrick taylor,RB,RB,GNB,2021,404.0,0.19076305220883538,0.7826961770623743
384,Brandon Allen,CIN,QB,29,6,1,17,34,149,2,0,7,-1,-0.14,0,0,0,0,,0,1,0,0,,,14,13.9,13.9,13.9,,55,,Brandon Allen,brandon allen,QB,QB,CIN,2021,423.0,0.15261044176706828,0.891566265060241
385,Jesper Horsted,CHI,TE,24,7,0,0,0,0,0,0,0,0,,0,3,2,21,10.5,2,0,0,2,,,14,16.1,16.1,15.1,,66,,Jesper Horsted,jesper horsted,TE,TE,CHI,2021,409.0,0.1807228915662651,0.845213849287169
386,Scott Miller,TAM,WR,24,9,0,0,0,0,0,0,2,43,21.5,1,9,5,38,7.6,0,0,0,1,,,14,19.1,19.1,16.6,,152,,Scott Miller,scott miller,WR,WR,TAM,2021,392.0,0.21485943775100402,0.6808080808080808
387,Ty Montgomery,NOR,WR,28,14,3,0,0,0,0,0,15,44,2.93,0,26,16,95,5.94,0,0,0,0,,,14,29.9,29.9,21.9,,153,,Ty Montgomery,ty montgomery,WR,WR,NOR,2021,350.0,0.2991967871485943,0.7111111111111111
388,P.J. Walker,CAR,QB,26,5,1,36,66,362,1,3,7,13,1.86,0,0,0,0,,0,3,1,0,,1.0,14,13.8,20.8,16.8,,56,,P.J. Walker,pj walker,QB,QB,CAR,2021,424.0,0.1506024096385542,0.8895582329317269
389,Wayne Gallman,2TM,RB,27,8,0,0,0,0,0,0,28,104,3.71,0,3,1,21,21.0,0,0,0,0,,,13,13.5,16.5,13.0,,115,,Wayne Gallman,wayne gallman,RB,RB,2TM,2021,426.0,0.14658634538152615,0.7766599597585513
390,Chris Manhertz,JAX,TE,29,17,10,0,0,0,0,0,0,0,,0,9,6,71,11.83,1,0,0,1,,,13,19.1,19.1,16.1,,67,,Chris Manhertz,chris manhertz,TE,TE,JAX,2021,392.0,0.21485943775100402,0.8553971486761711
391,Sean Mannion,MIN,QB,29,1,1,22,36,189,1,0,2,14,7.0,0,0,0,0,,0,0,0,0,,,13,13.0,13.0,13.0,,57,,Sean Mannion,sean mannion,QB,QB,MIN,2021,428.0,0.142570281124498,0.8875502008032129
392,Denzel Mims,NYJ,WR,24,11,3,0,0,0,0,0,0,0,,0,23,8,133,16.63,0,0,0,0,,,13,21.3,24.3,17.3,,154,,Denzel Mims,denzel mims,WR,WR,NYJ,2021,380.0,0.23895582329317266,0.6909090909090909
393,Patrick Ricard*,BAL,FB,27,13,11,0,0,0,0,0,2,4,2.0,0,13,8,63,7.88,1,0,0,1,,,13,20.7,20.7,16.7,,114,,Patrick Ricard,patrick ricard,FB,FB,BAL,2021,382.0,0.2349397590361446,0.9918367346938776
394,Ben Skowronek,LAR,WR,24,14,1,0,0,0,0,0,0,0,,0,20,11,133,12.09,0,0,0,0,,,13,24.3,27.3,18.8,,155,,Ben Skowronek,ben skowronek,WR,WR,LAR,2021,366.0,0.26706827309236947,0.696969696969697
395,Lee Smith,ATL,TE,34,16,6,0,0,0,0,0,0,0,,0,11,9,65,7.22,1,0,0,1,,,13,21.5,21.5,17.0,,68,,Lee Smith,lee smith,TE,TE,ATL,2021,378.0,0.24297188755020083,0.8635437881873727
396,Kenny Stills,NOR,WR,29,13,4,0,0,0,0,0,1,1,1.0,0,23,6,68,11.33,1,0,0,1,,,13,18.9,18.9,15.9,,156,,Kenny Stills,kenny stills,WR,WR,NOR,2021,396.0,0.2068273092369478,0.6787878787878787
397,Michael Burton,KAN,FB,29,16,0,0,0,0,0,0,8,26,3.25,1,3,3,31,10.33,0,0,0,1,,,12,14.7,14.7,13.2,,117,,Michael Burton,michael burton,FB,FB,KAN,2021,418.0,0.16265060240963858,0.9877551020408163
398,Jacob Hollister,JAX,TE,28,7,2,0,0,0,0,0,0,0,,0,14,9,55,6.11,1,0,0,1,,,12,20.5,20.5,16.0,,70,,Jacob Hollister,jacob hollister,TE,TE,JAX,2021,384.0,0.23092369477911645,0.8615071283095723
399,Brian Hoyer,NWE,QB,36,5,0,9,11,227,1,0,11,-8,-0.73,0,0,0,0,,0,0,0,0,,,12,12.3,12.3,12.3,,58,,Brian Hoyer,brian hoyer,QB,QB,NWE,2021,436.0,0.12650602409638556,0.8855421686746988
400,Jesse James,CHI,TE,27,14,9,0,0,0,0,0,0,0,,0,8,7,62,8.86,1,0,0,1,,,12,19.2,19.2,15.7,,69,,Jesse James,jesse james,TE,TE,CHI,2021,390.0,0.21887550200803207,0.8574338085539714
401,Joshua Kelley,LAC,RB,24,10,0,0,0,0,0,0,33,102,3.09,0,6,5,38,7.6,0,1,1,0,,,12,17.0,21.0,14.5,,116,,Joshua Kelley,joshua kelley,RB,RB,LAC,2021,405.0,0.1887550200803213,0.7806841046277666
402,Tom Kennedy,DET,WR,25,12,0,1,1,75,1,0,0,0,,0,10,6,54,9.0,0,0,0,0,,,12,18.4,18.4,15.4,,157,,Tom Kennedy,tom kennedy,WR,WR,DET,2021,400.0,0.1987951807228916,0.6767676767676767
403,Antony Auclair,HOU,TE,28,16,13,0,0,0,0,0,0,0,,0,5,5,47,9.4,1,0,0,1,,,11,15.7,15.7,13.2,,73,,Antony Auclair,antony auclair,TE,TE,HOU,2021,412.0,0.17469879518072284,0.8431771894093687
404,Phillip Dorsett,3TM,WR,28,6,0,0,0,0,0,0,1,0,0.0,0,14,7,110,15.71,0,0,0,0,,,11,18.0,21.0,14.5,,160,,Phillip Dorsett,phillip dorsett,WR,WR,3TM,2021,402.0,0.19477911646586343,0.6747474747474748
405,Ross Dwelley,SFO,TE,26,17,2,0,0,0,0,0,0,0,,0,5,4,51,12.75,1,0,0,1,,,11,15.1,15.1,13.1,,71,,Ross Dwelley,ross dwelley,TE,TE,SFO,2021,416.0,0.16666666666666663,0.8391038696537678
406,Dez Fitzpatrick,TEN,WR,24,4,0,0,0,0,0,0,0,0,,0,8,5,49,9.8,1,0,0,1,,,11,15.9,15.9,13.4,,161,,Dez Fitzpatrick,dez fitzpatrick,WR,WR,TEN,2021,411.0,0.17670682730923692,0.6686868686868687
407,Jake Fromm,NYG,QB,23,3,2,27,60,210,1,3,8,65,8.13,0,0,0,0,,0,2,1,0,,,11,10.9,14.9,13.9,,59,,Jake Fromm,jake fromm,QB,QB,NYG,2021,442.0,0.11445783132530118,0.8835341365461847
408,Kylen Granson,IND,TE,23,17,0,0,0,0,0,0,0,0,,0,15,11,106,9.64,0,0,0,0,,,11,21.6,24.6,16.1,,75,,Kylen Granson,kylen granson,TE,TE,IND,2021,377.0,0.2449799196787149,0.8655804480651731
409,Collin Johnson,NYG,WR,24,12,1,0,0,0,0,0,0,0,,0,21,11,105,9.55,0,0,0,0,,,11,21.5,24.5,16.0,,162,,Collin Johnson,collin johnson,WR,WR,NYG,2021,378.0,0.24297188755020083,0.692929292929293
410,Marlon Mack,IND,RB,25,6,0,0,0,0,0,0,28,101,3.61,0,5,2,8,4.0,0,0,0,0,,,11,12.9,15.9,11.9,,120,,Marlon Mack,marlon mack,RB,RB,IND,2021,429.0,0.1405622489959839,0.772635814889336
411,Jalen Richard,LVR,RB,28,10,0,0,0,0,0,0,9,40,4.44,0,14,12,72,6.0,0,0,0,0,,,11,23.2,23.2,17.2,,118,,Jalen Richard,jalen richard,RB,RB,LVR,2021,371.0,0.2570281124497992,0.7987927565392354
412,Eric Saubert,DEN,TE,27,17,4,0,0,0,0,0,0,0,,0,12,8,47,5.88,1,0,0,1,,,11,18.7,18.7,14.7,,74,,Eric Saubert,eric saubert,TE,TE,DEN,2021,397.0,0.20481927710843373,0.8513238289205702
413,Adam Shaheen,MIA,TE,27,12,7,0,0,0,0,0,0,0,,0,16,12,110,9.17,0,0,0,0,,,11,23.0,26.0,17.0,,72,,Adam Shaheen,adam shaheen,TE,TE,MIA,2021,372.0,0.2550200803212851,0.869653767820774
414,Jeff Smith,NYJ,WR,24,12,3,0,0,0,0,0,1,-1,-1.0,0,17,8,113,14.13,0,0,0,0,,,11,19.2,22.2,15.2,,158,,Jeff Smith,jeff smith,WR,WR,NYJ,2021,390.0,0.21887550200803207,0.6828282828282828
415,Benny Snell Jr.,PIT,RB,23,17,0,0,0,0,0,0,36,98,2.72,0,4,2,13,6.5,0,0,0,0,,,11,13.1,13.1,12.1,,119,,Benny Snell Jr.,benny snell jr,RB,RB,PIT,2021,427.0,0.14457831325301207,0.7746478873239436
416,Equanimeous St. Brown,GNB,WR,25,13,2,0,0,0,0,0,3,14,4.67,0,17,9,98,10.89,0,0,0,0,,,11,20.2,20.2,15.7,,159,,Equanimeous St. Brown,equanimeous st brown,WR,WR,GNB,2021,386.0,0.2269076305220884,0.6868686868686869
417,Ryquell Armstead,JAX,RB,25,2,0,0,0,0,0,0,15,80,5.33,0,4,3,16,5.33,0,0,0,0,,,10,12.6,12.6,11.1,,121,,Ryquell Armstead,ryquell armstead,RB,RB,JAX,2021,433.0,0.1325301204819277,0.7706237424547284
418,Blake Bell,KAN,TE,30,16,5,0,0,0,0,0,4,10,2.5,0,13,9,87,9.67,0,0,0,0,,,10,18.7,18.7,14.2,,78,,Blake Bell,blake bell,TE,TE,KAN,2021,397.0,0.20481927710843373,0.8513238289205702
419,Trinity Benson,DET,WR,24,8,2,0,0,0,0,0,0,0,,0,22,10,103,10.3,0,0,0,0,,,10,20.3,23.3,15.3,,163,,Trinity Benson,trinity benson,WR,WR,DET,2021,385.0,0.22891566265060237,0.6888888888888889
420,Noah Gray,KAN,TE,22,16,1,0,0,0,0,0,0,0,,0,10,7,36,5.14,1,0,0,1,,,10,16.6,16.6,13.1,,79,,Noah Gray,noah gray,TE,TE,KAN,2021,408.0,0.18273092369477917,0.8472505091649695
421,Chris Herndon,MIN,TE,25,16,5,0,0,0,0,0,0,0,,0,7,4,40,10.0,1,0,0,1,,,10,14.0,14.0,12.0,,77,,Chris Herndon,chris herndon,TE,TE,MIN,2021,422.0,0.15461847389558236,0.8370672097759674
422,Chris Hogan,NOR,WR,34,5,1,0,0,0,0,0,0,0,,0,8,4,41,10.25,1,0,0,1,,,10,14.1,14.1,12.1,,164,,Chris Hogan,chris hogan,WR,WR,NOR,2021,421.0,0.15662650602409633,0.6606060606060606
423,Nick Mullens,CLE,QB,26,1,1,20,30,147,1,0,0,0,,0,0,0,0,,0,0,0,0,,,10,9.9,9.9,9.9,,60,,Nick Mullens,nick mullens,QB,QB,CLE,2021,449.0,0.10040160642570284,0.8815261044176707
424,Shi Smith,CAR,WR,23,6,0,0,0,0,0,0,1,-3,-3.0,0,11,6,104,17.33,0,0,0,0,,,10,16.1,19.1,13.1,,165,,Shi Smith,shi smith,WR,WR,CAR,2021,409.0,0.1807228915662651,0.6707070707070707
425,Tommy Sweeney,BUF,TE,26,13,3,0,0,0,0,0,0,0,,0,12,9,44,4.89,1,1,0,1,,,10,19.4,19.4,14.9,,76,,Tommy Sweeney,tommy sweeney,TE,TE,BUF,2021,389.0,0.22088353413654616,0.8594704684317719
426,Auden Tate,CIN,WR,24,7,0,0,0,0,0,0,0,0,,0,4,3,39,13.0,1,0,0,1,,,10,12.9,12.9,11.4,,166,,Auden Tate,auden tate,WR,WR,CIN,2021,429.0,0.1405622489959839,0.6565656565656566
427,Cameron Batson,TEN,WR,26,4,0,0,0,0,0,0,2,15,7.5,0,5,2,15,7.5,1,0,0,1,,,9,11.0,11.0,10.0,,168,,Cameron Batson,cameron batson,WR,WR,TEN,2021,441.0,0.11646586345381527,0.6464646464646464
428,Josh Gordon,KAN,WR,30,12,7,0,0,0,0,0,0,0,,0,14,5,32,6.4,1,0,0,1,,,9,14.2,14.2,11.7,,167,,Josh Gordon,josh gordon,WR,WR,KAN,2021,420.0,0.15863453815261042,0.6626262626262627
429,JaQuan Hardy,DAL,RB,24,3,0,0,0,0,0,0,4,29,7.25,1,0,0,0,,0,0,0,1,,,9,8.9,8.9,8.9,,123,,JaQuan Hardy,jaquan hardy,RB,RB,DAL,2021,459.0,0.08032128514056225,0.7605633802816901
430,Deon Jackson,IND,RB,22,9,0,0,0,0,0,0,13,31,2.38,1,0,0,0,,0,0,0,1,,,9,9.1,9.1,9.1,,122,,Deon Jackson,deon jackson,RB,RB,IND,2021,458.0,0.08232931726907633,0.7625754527162978
431,Andy Janovich,CLE,RB,28,13,3,0,0,0,0,0,2,0,0.0,1,4,3,9,3.0,0,0,0,1,1.0,,9,11.9,11.9,10.4,,124,,Andy Janovich,andy janovich,RB,RB,CLE,2021,437.0,0.12449799196787148,0.7686116700201208
432,Sean McKeon,DAL,TE,24,9,2,0,0,0,0,0,0,0,,0,6,4,27,6.75,1,0,0,1,,,9,12.7,12.7,10.7,,80,,Sean McKeon,sean mckeon,TE,TE,DAL,2021,432.0,0.13453815261044177,0.8350305498981669
433,Anthony Miller,2TM,WR,27,3,1,0,0,0,0,0,0,0,,0,12,6,25,4.17,1,0,0,1,,,9,14.5,14.5,11.5,,169,,Anthony Miller,anthony miller,WR,WR,2TM,2021,419.0,0.1606425702811245,0.6646464646464647
434,Keith Smith,ATL,FB,29,17,8,0,0,0,0,0,9,31,3.44,0,10,9,56,6.22,0,0,0,0,,,9,17.7,17.7,13.2,,125,,Keith Smith,keith smith,FB,FB,ATL,2021,403.0,0.19277108433734935,0.9897959183673469
435,Kyle Allen,WAS,QB,25,2,0,12,19,120,1,0,2,11,5.5,0,0,0,0,,0,1,1,0,,,8,7.9,8.9,7.9,,62,,Kyle Allen,kyle allen,QB,QB,WAS,2021,468.0,0.06224899598393574,0.8775100401606426
436,Alex Armah,2TM,FB,27,11,2,0,0,0,0,0,5,21,4.2,0,1,1,1,1.0,1,0,0,1,,,8,9.2,9.2,8.7,,126,,Alex Armah,alex armah,FB,FB,2TM,2021,456.0,0.08634538152610438,0.9836734693877551
437,Garrett Gilbert,WAS,QB,30,1,1,20,31,194,0,0,0,0,,0,0,0,0,,0,1,0,0,,,8,7.8,7.8,7.8,,63,,Garrett Gilbert,garrett gilbert,QB,QB,WAS,2021,470.0,0.05823293172690758,0.8755020080321285
438,Tyree Jackson,PHI,TE,24,9,3,0,0,0,0,0,0,0,,0,7,3,22,7.33,1,0,0,1,,,8,11.2,11.2,9.7,,81,,Tyree Jackson,tyree jackson,TE,TE,PHI,2021,440.0,0.11847389558232935,0.8309572301425662
439,Chris Myarick,NYG,FB,26,8,3,0,0,0,0,0,0,0,,0,6,3,17,5.67,1,0,0,1,,,8,10.7,10.7,9.2,,127,,Chris Myarick,chris myarick,FB,FB,NYG,2021,443.0,0.1124497991967871,0.9857142857142858
440,Dezmon Patmon,IND,WR,23,8,0,0,0,0,0,0,0,0,,0,4,2,21,10.5,1,0,0,1,,,8,10.1,10.1,9.1,,170,,Dezmon Patmon,dezmon patmon,WR,WR,IND,2021,448.0,0.10240963855421692,0.6404040404040404
441,Drew Sample,CIN,TE,25,17,8,0,0,0,0,0,0,0,,0,15,11,81,7.36,0,0,0,0,,,8,19.1,19.1,13.6,,82,,Drew Sample,drew sample,TE,TE,CIN,2021,392.0,0.21485943775100402,0.8553971486761711
442,Mitchell Trubisky,BUF,QB,27,6,0,6,8,43,0,1,13,24,1.85,1,0,0,0,,0,0,0,1,,,8,8.1,9.1,9.1,,61,,Mitchell Trubisky,mitchell trubisky,QB,QB,BUF,2021,467.0,0.06425702811244982,0.8795180722891567
443,Preston Williams,MIA,WR,24,8,3,0,0,0,0,0,1,7,7.0,0,16,6,71,11.83,0,0,0,0,,,8,13.8,13.8,10.8,,171,,Preston Williams,preston williams,WR,WR,MIA,2021,424.0,0.1506024096385542,0.6585858585858586
444,KJ Hamler,DEN,WR,22,3,2,0,0,0,0,0,0,0,,0,10,5,74,14.8,0,0,0,0,,,7,12.4,12.4,9.9,,172,,KJ Hamler,kj hamler,WR,WR,DEN,2021,435.0,0.12851405622489964,0.6525252525252525
445,Josh Oliver,BAL,TE,24,14,1,0,0,0,0,0,0,0,,0,15,9,66,7.33,0,1,0,0,,,7,15.6,15.6,11.1,,83,,Josh Oliver,josh oliver,TE,TE,BAL,2021,413.0,0.17269076305220887,0.8411405295315683
446,Andre Roberts,2TM,WR,33,16,0,0,0,0,0,0,3,19,6.33,0,2,1,35,35.0,0,3,2,1,,,7,8.4,10.4,7.9,,173,,Andre Roberts,andre roberts,WR,WR,2TM,2021,464.0,0.07028112449799195,0.6262626262626263
447,Johnny Stanton,CLE,FB,27,4,0,0,0,0,0,0,3,5,1.67,0,2,2,7,3.5,1,0,0,1,,,7,9.2,9.2,8.2,,128,,Johnny Stanton,johnny stanton,FB,FB,CLE,2021,456.0,0.08634538152610438,0.9836734693877551
448,Jonathan Ward,ARI,RB,24,13,0,0,0,0,0,0,9,33,3.67,0,4,3,34,11.33,0,0,0,0,,,7,9.7,9.7,8.2,,129,,Jonathan Ward,jonathan ward,RB,RB,ARI,2021,452.0,0.0943775100401606,0.7645875251509054
449,Dede Westbrook,MIN,WR,28,15,0,0,0,0,0,0,0,0,,0,15,10,68,6.8,0,2,0,0,,,7,16.8,16.8,11.8,,174,,Dede Westbrook,dede westbrook,WR,WR,MIN,2021,406.0,0.18674698795180722,0.6727272727272727
450,C.J. Board,NYG,WR,28,6,1,0,0,0,0,0,1,6,6.0,0,6,4,51,12.75,0,0,0,0,,,6,9.7,9.7,7.7,,179,,C.J. Board,cj board,WR,WR,NYG,2021,452.0,0.0943775100401606,0.6363636363636364
451,Mike Boone,DEN,RB,26,8,0,0,0,0,0,0,4,35,8.75,0,2,2,22,11.0,0,0,0,0,,,6,7.7,7.7,6.7,,131,,Mike Boone,mike boone,RB,RB,DEN,2021,472.0,0.054216867469879526,0.7565392354124748
452,Ja'Marcus Bradley,CLE,WR,25,5,0,0,0,0,0,0,0,0,,0,4,4,64,16.0,0,0,0,0,,,6,10.4,10.4,8.4,,175,,Ja'Marcus Bradley,jamarcus bradley,WR,WR,CLE,2021,445.0,0.10843373493975905,0.6444444444444444
453,Alex Erickson,CAR,WR,29,17,0,0,0,0,0,0,0,0,,0,4,3,55,18.33,0,0,0,0,,,6,8.5,8.5,7.0,,182,,Alex Erickson,alex erickson,WR,WR,CAR,2021,463.0,0.07228915662650603,0.6282828282828283
454,Luke Farrell,JAX,TE,24,15,4,0,0,0,0,0,0,0,,0,11,7,56,8.0,0,1,0,0,,,6,12.6,12.6,9.1,,84,,Luke Farrell,luke farrell,TE,TE,JAX,2021,433.0,0.1325301204819277,0.8329938900203666
455,Penny Hart,SEA,WR,25,17,0,0,0,0,0,0,0,0,,0,12,7,59,8.43,0,0,0,0,,,6,12.9,12.9,9.4,,178,,Penny Hart,penny hart,WR,WR,SEA,2021,429.0,0.1405622489959839,0.6565656565656566
456,Dax Milne,WAS,WR,22,13,1,0,0,0,0,0,1,1,1.0,0,14,9,83,9.22,0,1,1,0,,,6,15.4,16.4,10.9,,176,,Dax Milne,dax milne,WR,WR,WAS,2021,415.0,0.1686746987951807,0.6666666666666667
457,Jason Moore,LAC,WR,26,2,1,0,0,0,0,0,0,0,,0,4,3,56,18.67,0,0,0,0,,,6,8.6,8.6,7.1,,180,,Jason Moore,jason moore,WR,WR,LAC,2021,461.0,0.07630522088353409,0.6323232323232324
458,Brandon Powell,LAR,WR,26,6,0,0,0,0,0,0,0,0,,0,0,0,0,,0,0,0,1,,,6,6.0,6.0,6.0,,177,,Brandon Powell,brandon powell,WR,WR,LAR,2021,486.0,0.026104417670682722,0.61010101010101
459,Amari Rodgers,GNB,WR,22,16,1,0,0,0,0,0,1,11,11.0,0,8,4,45,11.25,0,2,0,0,,,6,9.6,9.6,7.6,,181,,Amari Rodgers,amari rodgers,WR,WR,GNB,2021,454.0,0.09036144578313254,0.6343434343434343
460,Ito Smith,DAL,RB,26,1,0,0,0,0,0,0,1,4,4.0,1,0,0,0,,0,0,0,1,,,6,6.4,6.4,6.4,,130,,Ito Smith,ito smith,RB,RB,DAL,2021,482.0,0.034136546184738936,0.7525150905432596
461,Trayveon Williams,CIN,RB,24,5,0,0,0,0,0,0,15,51,3.4,0,2,1,4,4.0,0,0,0,0,,,6,6.5,6.5,6.0,,132,,Trayveon Williams,trayveon williams,RB,RB,CIN,2021,479.0,0.04016064257028118,0.7545271629778671
462,Jaelon Darden,TAM,WR,22,9,0,0,0,0,0,0,1,11,11.0,0,12,6,43,7.17,0,0,0,0,,,5,11.4,11.4,8.4,,183,,Jaelon Darden,jaelon darden,WR,WR,TAM,2021,439.0,0.12048192771084343,0.6484848484848484
463,Will Fuller,MIA,WR,27,2,0,0,0,0,0,0,0,0,,0,8,4,26,6.5,0,0,0,0,1.0,,5,8.6,8.6,6.6,,185,,Will Fuller,will fuller,WR,WR,MIA,2021,461.0,0.07630522088353409,0.6323232323232324
464,Jason Huntley,PHI,RB,23,1,0,0,0,0,0,0,13,51,3.92,0,1,0,0,,0,0,0,0,,,5,5.1,5.1,5.1,,133,,Jason Huntley,jason huntley,RB,RB,PHI,2021,494.0,0.010040160642570295,0.7484909456740443
465,Tre' McKitty,LAC,TE,22,11,4,0,0,0,0,0,0,0,,0,8,6,45,7.5,0,0,0,0,,,5,10.5,10.5,7.5,,86,,Tre' McKitty,tre mckitty,TE,TE,LAC,2021,444.0,0.11044176706827313,0.8289205702647657
466,Wendell Smallwood,WAS,RB,27,3,0,0,0,0,0,0,5,25,5.0,0,5,4,22,5.5,0,0,0,0,,,5,8.7,8.7,6.7,,135,,Wendell Smallwood,wendell smallwood,RB,RB,WAS,2021,460.0,0.07831325301204817,0.7585513078470825
467,Rodney Smith,CAR,RB,25,2,0,0,0,0,0,0,0,0,,0,5,5,48,9.6,0,0,0,0,,,5,9.8,9.8,7.3,,134,,Rodney Smith,rodney smith,RB,RB,CAR,2021,450.0,0.09839357429718876,0.7665995975855131
468,Mike Thomas,CIN,WR,27,12,1,0,0,0,0,0,0,0,,0,11,5,52,10.4,0,0,0,0,,,5,10.2,10.2,7.7,,184,,Mike Thomas,mike thomas,WR,WR,CIN,2021,446.0,0.10642570281124497,0.6424242424242423
469,Charlie Woerner,SFO,TE,24,17,3,0,0,0,0,0,0,0,,0,6,5,52,10.4,0,0,0,0,,,5,10.2,10.2,7.7,,85,,Charlie Woerner,charlie woerner,TE,TE,SFO,2021,446.0,0.10642570281124497,0.8268839103869654
470,JJ Arcega-Whiteside,PHI,WR,25,16,2,0,0,0,0,0,0,0,,0,5,2,36,18.0,0,0,0,0,,,4,5.6,5.6,4.6,,193,,JJ Arcega-Whiteside,jj arcega-whiteside,WR,WR,PHI,2021,488.0,0.02208835341365467,0.6060606060606061
471,Kalen Ballage,PIT,RB,26,17,0,0,0,0,0,0,12,36,3.0,0,7,2,8,4.0,0,0,0,0,,,4,6.4,6.4,5.4,,136,,Kalen Ballage,kalen ballage,RB,RB,PIT,2021,482.0,0.034136546184738936,0.7525150905432596
472,Kendall Blanton,LAR,TE,26,11,2,0,0,0,0,0,0,0,,0,7,4,37,9.25,0,1,0,0,,,4,7.7,7.7,5.7,,90,,Kendall Blanton,kendall blanton,TE,TE,LAR,2021,472.0,0.054216867469879526,0.8187372708757638
473,Pharoh Cooper,NYG,WR,26,8,0,0,0,0,0,0,1,3,3.0,0,11,4,33,8.25,0,0,0,0,,,4,7.6,7.6,5.6,,194,,Pharoh Cooper,pharoh cooper,WR,WR,NYG,2021,474.0,0.050200803212851364,0.6222222222222222
474,Tyler Davis,GNB,TE,24,14,0,0,0,0,0,0,0,0,,0,5,4,35,8.75,0,0,0,0,,,4,7.5,7.5,5.5,,92,,Tyler Davis,tyler davis,TE,TE,GNB,2021,475.0,0.048192771084337394,0.8167006109979633
475,Greg Dortch,ARI,WR,23,5,2,0,0,0,0,0,1,24,24.0,0,3,3,15,5.0,0,0,0,0,,,4,6.9,6.9,5.4,,188,,Greg Dortch,greg dortch,WR,WR,ARI,2021,477.0,0.04417670682730923,0.6181818181818182
476,Darren Fells,2TM,TE,35,9,5,0,0,0,0,0,0,0,,0,5,4,43,10.75,0,0,0,0,,,4,8.3,8.3,6.3,,87,,Darren Fells,darren fells,TE,TE,2TM,2021,465.0,0.06827309236947787,0.8228105906313645
477,Garrett Griffin,NOR,TE,27,13,6,0,0,0,0,0,0,0,,0,4,4,39,9.75,0,1,0,0,,,4,7.9,7.9,5.9,,89,,Garrett Griffin,garrett griffin,TE,TE,NOR,2021,468.0,0.06224899598393574,0.8207739307535642
478,Parker Hesse,ATL,TE,26,8,1,0,0,0,0,0,0,0,,0,6,5,43,8.6,0,0,0,0,,,4,9.3,9.3,6.8,,88,,Parker Hesse,parker hesse,TE,TE,ATL,2021,455.0,0.08835341365461846,0.824847250509165
479,Jakob Johnson,NWE,FB,27,17,6,0,0,0,0,0,0,0,,0,5,4,43,10.75,0,0,0,0,,,4,8.3,8.3,6.3,,137,,Jakob Johnson,jakob johnson,FB,FB,NWE,2021,465.0,0.06827309236947787,0.9795918367346939
480,D.J. Montgomery,NYJ,WR,25,3,0,0,0,0,0,0,0,0,,0,6,3,36,12.0,0,0,0,0,,,4,6.6,6.6,5.1,,195,,D.J. Montgomery,dj montgomery,WR,WR,NYJ,2021,478.0,0.04216867469879515,0.6161616161616161
481,Gunner Olszewski,NWE,WR,25,16,0,0,0,0,0,0,1,9,9.0,0,3,2,31,15.5,0,3,0,0,,,4,6.0,6.0,5.0,,187,,Gunner Olszewski,gunner olszewski,WR,WR,NWE,2021,486.0,0.026104417670682722,0.61010101010101
482,Curtis Samuel,WAS,WR,25,5,1,0,0,0,0,0,4,11,2.75,0,9,6,27,4.5,0,0,0,0,,,4,9.8,9.8,6.8,,189,,Curtis Samuel,curtis samuel,WR,WR,WAS,2021,450.0,0.09839357429718876,0.6383838383838384
483,Willie Snead,2TM,WR,29,9,0,0,0,0,0,0,0,0,,0,8,4,38,9.5,0,0,0,0,,,4,7.8,7.8,5.8,,190,,Willie Snead,willie snead,WR,WR,2TM,2021,470.0,0.05823293172690758,0.6242424242424243
484,Trent Taylor,CIN,WR,27,4,0,0,0,0,0,0,0,0,,0,3,2,41,20.5,0,0,0,0,,,4,6.1,6.1,5.1,,186,,Trent Taylor,trent taylor,WR,WR,CIN,2021,484.0,0.030120481927710885,0.6121212121212121
485,Trevon Wesco,NYJ,TE,26,12,7,0,0,0,0,0,0,0,,0,5,3,35,11.67,0,0,0,0,,,4,6.5,6.5,5.0,,93,,Trevon Wesco,trevon wesco,TE,TE,NYJ,2021,479.0,0.04016064257028118,0.814663951120163
486,Kevin White,NOR,WR,29,6,1,0,0,0,0,0,0,0,,0,5,1,38,38.0,0,0,0,0,,,4,4.8,4.8,4.3,,191,,Kevin White,kevin white,WR,WR,NOR,2021,496.0,0.0060240963855421326,0.6
487,Juwann Winfree,GNB,WR,25,7,0,0,0,0,0,0,0,0,,0,13,8,58,7.25,0,2,1,0,,,4,11.8,12.8,7.8,,192,,Juwann Winfree,juwann winfree,WR,WR,GNB,2021,438.0,0.1224899598393574,0.6505050505050505
488,Kenny Yeboah,NYJ,TE,23,9,0,0,0,0,0,0,0,0,,0,3,2,36,18.0,0,0,0,0,,,4,5.6,5.6,4.6,,91,,Kenny Yeboah,kenny yeboah,TE,TE,NYJ,2021,488.0,0.02208835341365467,0.8105906313645621
489,Christian Blake,ATL,WR,25,16,0,0,0,0,0,0,0,0,,0,9,4,25,6.25,0,0,0,0,,,3,6.5,6.5,4.5,,203,,Christian Blake,christian blake,WR,WR,ATL,2021,479.0,0.04016064257028118,0.6141414141414141
490,Daniel Brown,NYJ,WR,29,12,0,0,0,0,0,0,0,0,,0,2,2,29,14.5,0,0,0,0,,,3,4.9,4.9,3.9,,200,,Daniel Brown,daniel brown,WR,WR,NYJ,2021,495.0,0.008032128514056214,0.602020202020202
491,Dominique Dafney,GNB,TE,24,10,2,0,0,0,0,0,0,0,,0,4,2,34,17.0,0,0,0,0,,,3,5.4,5.4,4.4,,94,,Dominique Dafney,dominique dafney,TE,TE,GNB,2021,492.0,0.014056224899598346,0.8085539714867618
492,Reggie Gilliam,BUF,FB,24,16,5,0,0,0,0,0,3,3,1.0,0,5,3,23,7.67,0,0,0,0,,,3,5.6,5.6,4.1,,141,,Reggie Gilliam,reggie gilliam,FB,FB,BUF,2021,488.0,0.02208835341365467,0.9775510204081632
493,Chad Henne,KAN,QB,36,4,0,11,16,82,0,0,8,0,0.0,0,0,0,0,,0,2,0,0,,,3,3.3,3.3,3.3,,64,,Chad Henne,chad henne,QB,QB,KAN,2021,499.0,0.0,0.8734939759036144
494,Kylin Hill,GNB,RB,23,8,0,0,0,0,0,0,10,24,2.4,0,2,1,5,5.0,0,0,0,0,,,3,3.9,3.9,3.4,,139,,Kylin Hill,kylin hill,RB,RB,GNB,2021,498.0,0.002008032128514081,0.7464788732394366
495,Cody Hollister,TEN,WR,28,3,1,0,0,0,0,0,0,0,,0,7,4,33,8.25,0,0,0,0,,,3,7.3,7.3,5.3,,198,,Cody Hollister,cody hollister,WR,WR,TEN,2021,476.0,0.04618473895582331,0.6202020202020202
496,Tommy Hudson,TEN,TE,24,5,0,0,0,0,0,0,0,0,,0,6,3,31,10.33,0,0,0,0,,,3,6.1,6.1,4.6,,98,,Tommy Hudson,tommy hudson,TE,TE,TEN,2021,484.0,0.030120481927710885,0.8126272912423625
497,Trenton Irwin,CIN,WR,26,7,0,0,0,0,0,0,0,0,,0,5,2,34,17.0,0,0,0,0,,,3,5.4,5.4,4.4,,196,,Trenton Irwin,trenton irwin,WR,WR,CIN,2021,492.0,0.014056224899598346,0.604040404040404
498,Jake Kumerow,BUF,WR,29,15,2,0,0,0,0,0,0,0,,0,6,2,28,14.0,0,0,0,0,,,3,4.8,4.8,3.8,,201,,Jake Kumerow,jake kumerow,WR,WR,BUF,2021,496.0,0.0060240963855421326,0.6
499,Gabe Nabers,LAC,FB,24,10,1,0,0,0,0,0,3,8,2.67,0,3,3,17,5.67,0,0,0,0,,,3,5.5,5.5,4.0,,142,,Gabe Nabers,gabe nabers,FB,FB,LAC,2021,491.0,0.016064257028112428,0.9755102040816327
