,Player_fixed,merge_year,position,team_name,AVG_ADP,xgb_classification_prob_neutral,xgb_classification_prob_over,xgb_classification_prob_under,xgb_percentile_prob_neutral,xgb_percentile_prob_over,xgb_percentile_prob_under,rf_classification_prob_neutral,rf_classification_prob_over,rf_classification_prob_under,rf_percentile_prob_neutral,rf_percentile_prob_over,rf_percentile_prob_under,average_probability_over,average_probability_under,average_probability_neutral
0,Aaron Rodgers,2025.0,QB,NYJ,203.6,0.052134838,0.43597236,0.5118928,0.05385927,0.23741922,0.7087215,0.5175,0.3625,0.12,0.408,0.416,0.176,36.3,37.92,25.79
1,Aidan O'Connell,2025.0,QB,LV,461.0,0.50563395,0.07548681,0.41887924,0.5633712,0.04534723,0.3912816,0.44,0.3225,0.2375,0.386,0.348,0.266,19.78,32.84,47.38
2,Andy Dalton,2025.0,QB,CAR,460.0,0.305788,0.6139983,0.08021372,0.4196676,0.5029753,0.07735707,0.515,0.1875,0.2975,0.498,0.24,0.262,38.61,17.93,43.46
3,Bailey Zappe,2025.0,QB,CLE,840.0,0.82244265,0.097986355,0.07957106,0.75513387,0.16446517,0.08040095,0.5275,0.1,0.3725,0.388,0.104,0.508,11.66,26.01,62.33
4,Baker Mayfield,2025.0,QB,TB,62.5,0.021037279,0.70960796,0.2693547,0.030686744,0.6809272,0.28838602,0.61,0.3075,0.0825,0.406,0.37,0.224,51.7,21.61,26.69
5,Brandon Allen,2025.0,QB,SF,420.0,0.8658042,0.08080548,0.05339037,0.9087717,0.050994806,0.040233508,0.3825,0.1175,0.5,0.326,0.114,0.56,9.08,28.84,62.08
6,Brock Purdy,2025.0,QB,SF,100.0,0.05852139,0.15339592,0.78808266,0.09200925,0.064861126,0.84312963,0.4475,0.4175,0.135,0.298,0.518,0.184,28.84,48.76,22.4
7,Bryce Young,2025.0,QB,CAR,187.7,0.18055826,0.22948669,0.58995503,0.08772489,0.18981633,0.7224588,0.505,0.365,0.13,0.356,0.424,0.22,30.21,41.56,28.23
8,Carson Wentz,2025.0,QB,KC,382.0,0.81508124,0.16488974,0.020029012,0.81716317,0.16706353,0.015773306,0.555,0.095,0.35,0.414,0.106,0.48,13.32,21.65,65.03
9,Chris Oladokun,2025.0,QB,KC,842.0,0.77079415,0.12648423,0.102721594,0.57068837,0.31720912,0.112102516,0.53,0.1175,0.3525,0.392,0.112,0.496,16.83,26.58,56.59
10,C.J. Stroud,2025.0,QB,HOU,130.8,0.09407364,0.30839714,0.59752923,0.19708887,0.19162619,0.6112849,0.51,0.365,0.125,0.476,0.328,0.196,29.83,38.25,31.93
11,Cooper Rush,2025.0,QB,DAL,405.3,0.48754665,0.25143978,0.26101354,0.27689433,0.26413193,0.45897374,0.505,0.28,0.215,0.484,0.296,0.22,27.29,28.87,43.84
12,Dak Prescott,2025.0,QB,DAL,100.5,0.44351614,0.09996466,0.45651916,0.23327404,0.08584697,0.68087906,0.52,0.29,0.19,0.446,0.314,0.24,19.75,39.18,41.07
13,Daniel Jones,2025.0,QB,NYG,263.3,0.13110705,0.24450248,0.6243905,0.15113463,0.17009608,0.6787693,0.47,0.4125,0.1175,0.352,0.402,0.246,30.73,41.67,27.61
14,Davis Mills,2025.0,QB,HOU,646.0,0.7902203,0.16392088,0.04585886,0.520017,0.44724104,0.03274194,0.4775,0.11,0.4125,0.404,0.12,0.476,21.03,24.18,54.79
15,Deshaun Watson,2025.0,QB,CLE,319.0,0.056147568,0.06946487,0.8743876,0.023389261,0.07686065,0.8997501,0.46,0.4375,0.1025,0.384,0.44,0.176,25.6,51.32,23.09
16,Desmond Ridder,2025.0,QB,LV,663.0,0.41518787,0.42478597,0.16002618,0.37087673,0.56974566,0.059377603,0.53,0.1675,0.3025,0.488,0.22,0.292,34.55,20.35,45.1
17,Dorian Thompson-Robinson,2025.0,QB,CLE,460.0,0.15321836,0.11438104,0.7324006,0.18015014,0.053609338,0.76624054,0.49,0.275,0.235,0.364,0.404,0.232,21.17,49.14,29.68
18,Drew Lock,2025.0,QB,NYG,393.5,0.15786915,0.15005712,0.69207376,0.078098275,0.16847086,0.75343084,0.475,0.3875,0.1375,0.382,0.396,0.222,27.55,45.13,27.32
19,Geno Smith,2025.0,QB,SEA,201.5,0.14351937,0.4679791,0.38850155,0.09979758,0.4397403,0.4604621,0.5225,0.34,0.1375,0.4,0.384,0.216,40.79,30.06,29.15
20,Hendon Hooker,2025.0,QB,DET,461.5,0.7648565,0.20420341,0.030940138,0.5236351,0.45787463,0.01849032,0.465,0.095,0.44,0.398,0.1,0.502,21.43,24.79,53.79
21,Jacoby Brissett,2025.0,QB,NE,474.0,0.2050831,0.17800078,0.6169161,0.14552245,0.12457814,0.72989947,0.475,0.3175,0.2075,0.388,0.334,0.278,23.85,45.81,30.34
22,Jake Browning,2025.0,QB,CIN,448.0,0.7392697,0.23499495,0.02573543,0.660516,0.32228845,0.017195517,0.49,0.0925,0.4175,0.36,0.1,0.54,18.74,25.01,56.24
23,Jake Haener,2025.0,QB,NO,701.0,0.5481881,0.2186094,0.23320255,0.5285143,0.2774002,0.19408552,0.5,0.18,0.32,0.402,0.206,0.392,22.05,28.48,49.47
24,Jalen Hurts,2025.0,QB,PHI,35.2,0.017465016,0.3743024,0.6082326,0.04419694,0.27986538,0.6759377,0.505,0.3775,0.1175,0.394,0.426,0.18,36.44,39.54,24.02
25,Jameis Winston,2025.0,QB,CLE,307.7,0.25092855,0.14907792,0.59999347,0.07437281,0.15686442,0.76876277,0.475,0.4,0.125,0.392,0.342,0.266,26.2,43.99,29.81
26,Jared Goff,2025.0,QB,DET,105.7,0.050690316,0.7528277,0.19648196,0.07333974,0.6748146,0.25184566,0.57,0.27,0.16,0.456,0.298,0.246,49.89,21.36,28.75
27,Jarrett Stidham,2025.0,QB,DEN,414.3,0.79640967,0.14861417,0.054976128,0.7814645,0.16794807,0.050587397,0.4025,0.1075,0.49,0.328,0.104,0.568,13.2,29.09,57.71
28,Jimmy Garoppolo,2025.0,QB,LA,378.0,0.49554297,0.48463616,0.019820876,0.36524457,0.62493116,0.009824319,0.5325,0.12,0.3475,0.478,0.132,0.39,34.04,19.18,46.78
29,Joe Burrow,2025.0,QB,CIN,33.3,0.038889665,0.40561682,0.55549353,0.053465065,0.24443708,0.7020979,0.5275,0.3675,0.105,0.404,0.384,0.212,35.04,39.36,25.6
30,Joe Flacco,2025.0,QB,IND,278.8,0.60831356,0.31011778,0.08156868,0.6008018,0.3264966,0.07270158,0.5125,0.25,0.2375,0.48,0.266,0.254,28.82,16.14,55.04
31,Jordan Love,2025.0,QB,GB,135.7,0.033337604,0.5748201,0.3918423,0.02633804,0.34255248,0.6311095,0.525,0.34,0.135,0.444,0.336,0.22,39.83,34.45,25.72
32,Josh Allen,2025.0,QB,BUF,20.2,0.013553918,0.5894665,0.39697957,0.015919616,0.43030626,0.5537742,0.5525,0.3675,0.08,0.392,0.42,0.188,45.18,30.47,24.35
33,Josh Johnson,2025.0,QB,BAL,456.0,0.6461474,0.3243919,0.029460726,0.6427218,0.33671373,0.020564508,0.4425,0.095,0.4625,0.352,0.1,0.548,21.4,26.51,52.08
34,Joshua Dobbs,2025.0,QB,SF,375.0,0.709211,0.2054641,0.0853249,0.72732,0.18341883,0.08926113,0.4875,0.1275,0.385,0.4,0.15,0.45,16.66,25.24,58.1
35,Justin Fields,2025.0,QB,PIT,116.7,0.11553883,0.46472064,0.41974056,0.16607273,0.36439154,0.46953568,0.525,0.3775,0.0975,0.398,0.386,0.216,39.82,30.07,30.12
36,Justin Herbert,2025.0,QB,LAC,113.8,0.012367075,0.55396044,0.43367252,0.011717274,0.3729198,0.6153629,0.49,0.4325,0.0775,0.348,0.46,0.192,45.48,32.96,21.55
37,Kenny Pickett,2025.0,QB,PHI,388.3,0.49149284,0.4816169,0.026890304,0.41008353,0.5641839,0.025732586,0.53,0.1275,0.3425,0.458,0.146,0.396,32.98,19.78,47.24
38,Kirk Cousins,2025.0,QB,ATL,281.7,0.37737566,0.29513887,0.32748547,0.13387679,0.40084523,0.46527797,0.525,0.295,0.18,0.468,0.296,0.236,32.17,30.22,37.61
39,Kyle Allen,2025.0,QB,PIT,372.0,0.8135438,0.16936977,0.017086413,0.669191,0.316649,0.014159942,0.4775,0.0925,0.43,0.372,0.096,0.532,16.86,24.83,58.31
40,Kyle Trask,2025.0,QB,TB,657.0,0.6567683,0.28886572,0.054365948,0.3516882,0.6140446,0.034267243,0.5625,0.1025,0.335,0.444,0.1,0.456,27.64,21.99,50.37
41,Kyler Murray,2025.0,QB,ARI,86.2,0.02439764,0.64433634,0.33126596,0.063775964,0.38770914,0.5485149,0.5725,0.33,0.0975,0.39,0.426,0.184,44.7,29.03,26.27
42,Lamar Jackson,2025.0,QB,BAL,21.5,0.02869241,0.77551335,0.19579418,0.05329338,0.65928286,0.28742373,0.6175,0.2975,0.085,0.402,0.432,0.166,54.11,18.36,27.54
43,Mac Jones,2025.0,QB,JAX,407.0,0.1671945,0.4818812,0.35092434,0.12857513,0.42504826,0.44637665,0.515,0.325,0.16,0.444,0.342,0.214,39.35,29.28,31.37
44,Malik Willis,2025.0,QB,GB,395.0,0.31528634,0.14269176,0.54202193,0.22843772,0.14796376,0.6235985,0.49,0.29,0.22,0.394,0.368,0.238,23.72,40.59,35.69
45,Marcus Mariota,2025.0,QB,WAS,458.0,0.10539671,0.4798215,0.41478175,0.087079406,0.34284672,0.5700739,0.535,0.2275,0.2375,0.432,0.26,0.308,32.75,38.26,28.99
46,Mason Rudolph,2025.0,QB,TEN,380.3,0.28562063,0.15185903,0.5625203,0.119098485,0.16396697,0.71693456,0.4075,0.385,0.2075,0.322,0.422,0.256,28.07,43.57,28.36
47,Matthew Stafford,2025.0,QB,LA,180.5,0.017286073,0.8845466,0.09816731,0.028696815,0.8176662,0.15363707,0.58,0.2975,0.1225,0.482,0.346,0.172,58.64,13.66,27.7
48,Mitchell Trubisky,2025.0,QB,BUF,401.7,0.5089049,0.42428157,0.066813536,0.30689636,0.64883125,0.044272393,0.53,0.1625,0.3075,0.448,0.168,0.384,35.09,20.06,44.85
49,Nick Mullens,2025.0,QB,MIN,499.0,0.7474396,0.22385193,0.02870844,0.5720806,0.40308318,0.0248362,0.4475,0.115,0.4375,0.378,0.112,0.51,21.35,25.03,53.63
50,Russell Wilson,2025.0,QB,PIT,239.0,0.12289585,0.10417053,0.77293366,0.11891467,0.12846723,0.75261813,0.4175,0.44,0.1425,0.338,0.438,0.224,27.77,47.3,24.93
51,Sam Darnold,2025.0,QB,MIN,205.4,0.06955438,0.5148669,0.41557875,0.0463948,0.4223407,0.53126454,0.51,0.365,0.125,0.36,0.42,0.22,43.06,32.3,24.65
52,Sam Howell,2025.0,QB,SEA,504.7,0.82072645,0.10967411,0.06959949,0.79594564,0.13519861,0.06885572,0.4475,0.1,0.4525,0.386,0.112,0.502,11.42,27.32,61.25
53,Skylar Thompson,2025.0,QB,MIA,491.5,0.8349763,0.099869244,0.065154485,0.8103721,0.11931516,0.07031271,0.4525,0.1175,0.43,0.364,0.12,0.516,11.42,27.04,61.55
54,Tanner McKee,2025.0,QB,PHI,390.3,0.79414326,0.14218909,0.06366768,0.75184673,0.17382579,0.07432747,0.5325,0.1225,0.345,0.436,0.118,0.446,13.91,23.22,62.86
55,Taylor Heinicke,2025.0,QB,LAC,570.0,0.711879,0.24562678,0.04249417,0.6618303,0.31249946,0.025670214,0.47,0.105,0.425,0.376,0.136,0.488,19.98,24.53,55.49
56,Tim Boyle,2025.0,QB,MIA,590.0,0.7157371,0.24939781,0.034865104,0.60210305,0.37300798,0.024888987,0.4425,0.115,0.4425,0.382,0.132,0.486,21.74,24.71,53.56
62,Tommy DeVito,2025.0,QB,NYG,405.5,0.72877157,0.24186614,0.02936231,0.80259836,0.1782268,0.019174814,0.515,0.11,0.375,0.456,0.138,0.406,16.7,20.74,62.56
63,Trevor Lawrence,2025.0,QB,JAX,160.5,0.037735116,0.19718294,0.76508194,0.013644021,0.083661824,0.90269417,0.51,0.405,0.085,0.438,0.368,0.194,26.35,48.67,24.98
64,Trey Lance,2025.0,QB,DAL,412.0,0.58432955,0.35976443,0.05590604,0.5070236,0.44754016,0.045436256,0.5475,0.1225,0.33,0.464,0.18,0.356,27.75,19.68,52.57
65,Tua Tagovailoa,2025.0,QB,MIA,175.3,0.051864427,0.7960763,0.15205929,0.035262905,0.6313831,0.33335397,0.5975,0.2825,0.12,0.556,0.276,0.168,49.65,19.34,31.02
66,Tyler Huntley,2025.0,QB,MIA,611.0,0.12932067,0.28587103,0.5848083,0.18612045,0.29152504,0.52235454,0.5275,0.3275,0.145,0.386,0.398,0.216,32.57,36.7,30.72
67,Tyrod Taylor,2025.0,QB,NYJ,474.5,0.6597774,0.23961881,0.10060379,0.29495588,0.5100485,0.1949956,0.5175,0.13,0.3525,0.394,0.128,0.478,25.19,28.15,46.66
68,Tyson Bagent,2025.0,QB,CHI,423.0,0.7603975,0.21663412,0.022968404,0.752821,0.2285497,0.018629309,0.51,0.0925,0.3975,0.42,0.098,0.482,15.89,23.03,61.08
69,Aaron Shampklin,2025.0,RB,PIT,678.0,0.14032608,0.837359,0.022314884,0.21337183,0.77650416,0.010124008,0.596,0.192,0.212,0.5725,0.195,0.2325,50.02,11.92,38.05
70,Adam Prentice,2025.0,RB,,828.0,0.03050817,0.7269638,0.24252802,0.05920872,0.78111553,0.15967579,0.542,0.29,0.168,0.5625,0.275,0.1625,51.83,18.32,29.86
71,Alvin Kamara,2025.0,RB,NO,37.0,0.17576972,0.47579142,0.34843886,0.09404283,0.57032824,0.33562896,0.432,0.312,0.256,0.425,0.3175,0.2575,41.89,29.94,28.17
72,Antonio Gibson,2025.0,RB,NE,295.7,0.58147156,0.09090126,0.32762715,0.37034726,0.22711332,0.40253943,0.364,0.322,0.314,0.415,0.3575,0.2275,24.94,31.79,43.27
73,Austin Ekeler,2025.0,RB,WAS,112.8,0.10846402,0.2888405,0.60269547,0.09216201,0.3065134,0.60132456,0.436,0.316,0.248,0.3825,0.385,0.2325,32.41,42.11,25.48
74,Bijan Robinson,2025.0,RB,ATL,2.2,0.047300857,0.43984985,0.5128493,0.052558605,0.3502755,0.5971659,0.422,0.394,0.184,0.3425,0.405,0.2525,39.73,38.66,21.61
75,Breece Hall,2025.0,RB,NYJ,38.8,0.06509004,0.82141703,0.11349291,0.094923235,0.7126403,0.19243649,0.468,0.272,0.26,0.5,0.28,0.22,52.15,19.65,28.2
76,Cam Akers,2025.0,RB,HOU,442.7,0.7170515,0.23950332,0.04344517,0.8443878,0.122002766,0.03360943,0.418,0.182,0.4,0.34,0.21,0.45,18.84,23.18,57.99
94,Chase Brown,2025.0,RB,CIN,21.2,0.13913731,0.7080552,0.1528075,0.20846324,0.4512696,0.34026718,0.524,0.212,0.264,0.4325,0.245,0.3225,40.41,26.99,32.6
95,Chris Brooks,2025.0,RB,GB,424.5,0.12074342,0.7884589,0.090797715,0.06928762,0.86372554,0.06698681,0.432,0.232,0.336,0.4325,0.2225,0.345,52.67,20.97,26.36
96,Chris Rodriguez Jr.,2025.0,RB,,274.0,0.27580756,0.576692,0.14750049,0.14725602,0.7565674,0.09617657,0.538,0.276,0.186,0.545,0.275,0.18,47.11,15.24,37.65
97,Christian McCaffrey,2025.0,RB,SF,8.2,0.0263667,0.93643224,0.03720105,0.030115636,0.88828045,0.081603885,0.54,0.186,0.274,0.4925,0.18,0.3275,54.77,18.01,27.22
98,Chuba Hubbard,2025.0,RB,CAR,46.2,0.17390169,0.69524103,0.13085727,0.1990135,0.3550635,0.44592294,0.494,0.232,0.274,0.4575,0.28,0.2625,39.06,27.83,33.11
99,Clyde Edwards-Helaire,2025.0,RB,NO,448.0,0.5620991,0.38700336,0.050897554,0.29363108,0.68585324,0.020515636,0.472,0.248,0.28,0.49,0.285,0.225,40.15,14.41,45.44
100,Cordarrelle Patterson,2025.0,RB,PIT,472.0,0.02882611,0.93717086,0.034003053,0.04751134,0.9322907,0.020198,0.574,0.216,0.21,0.565,0.23,0.205,57.89,11.73,30.38
101,Craig Reynolds,2025.0,RB,DET,391.0,0.04743821,0.88037694,0.072184876,0.025186924,0.94687855,0.027934594,0.554,0.198,0.248,0.5125,0.22,0.2675,56.13,15.39,28.48
102,Dalvin Cook,2025.0,RB,DAL,287.0,0.15035154,0.79778564,0.05186282,0.30636883,0.63932395,0.054307185,0.568,0.234,0.198,0.5225,0.2375,0.24,47.72,13.6,38.68
103,Dameon Pierce,2025.0,RB,HOU,275.3,0.05914294,0.20933644,0.7315206,0.06726548,0.5824598,0.35027474,0.462,0.262,0.276,0.48,0.2475,0.2725,32.53,40.76,26.71
104,D'Andre Swift,2025.0,RB,CHI,56.2,0.19551815,0.6437093,0.16077255,0.076125875,0.8167816,0.10709254,0.508,0.274,0.218,0.5,0.2675,0.2325,50.05,17.96,31.99
105,Dare Ogunbowale,2025.0,RB,HOU,485.0,0.2684283,0.7128222,0.018749457,0.44320518,0.5477936,0.009001223,0.616,0.15,0.234,0.5875,0.1675,0.245,39.45,12.67,47.88
106,David Montgomery,2025.0,RB,DET,60.5,0.16291365,0.6162887,0.22079758,0.07524051,0.5846432,0.34011626,0.55,0.22,0.23,0.5225,0.26,0.2175,42.02,25.21,32.77
107,DeeJay Dallas,2025.0,RB,ARI,631.0,0.43293324,0.53325874,0.033808045,0.47754687,0.5054309,0.017022286,0.56,0.2,0.24,0.525,0.1675,0.3075,35.15,14.96,49.89
108,Derrick Henry,2025.0,RB,BAL,10.2,0.15302786,0.76099634,0.08597582,0.13736564,0.62871456,0.2339198,0.502,0.302,0.196,0.4175,0.3625,0.22,51.36,18.4,30.25
109,Deuce Vaughn,2025.0,RB,DAL,467.0,0.03572729,0.933148,0.031124674,0.04943884,0.935508,0.015053152,0.634,0.2,0.166,0.5925,0.2,0.2075,56.72,10.49,32.79
110,Devin Singletary,2025.0,RB,NYG,265.3,0.3377862,0.31869814,0.3435157,0.30105597,0.4553027,0.24364129,0.388,0.302,0.31,0.4125,0.2425,0.345,32.96,31.05,35.98
111,De'Von Achane,2025.0,RB,MIA,15.0,0.05469141,0.15283622,0.7924724,0.033438783,0.291262,0.6752992,0.398,0.382,0.22,0.4,0.355,0.245,29.53,48.32,22.15
112,Emanuel Wilson,2025.0,RB,GB,318.3,0.5097618,0.31313074,0.17710747,0.4703895,0.37644204,0.15316851,0.376,0.292,0.332,0.3425,0.29,0.3675,31.79,25.74,42.47
113,Emari Demercado,2025.0,RB,ARI,496.0,0.038727663,0.92369264,0.037579693,0.02459504,0.9650383,0.010366604,0.604,0.182,0.214,0.5475,0.1925,0.26,56.58,13.05,30.37
114,Eric Gray,2025.0,RB,NYG,702.0,0.18364914,0.7798976,0.03645329,0.18976398,0.77560943,0.034626585,0.468,0.27,0.262,0.475,0.2575,0.2675,52.08,15.01,32.91
115,Ezekiel Elliott,2025.0,RB,DAL,295.0,0.5855337,0.17774308,0.23672324,0.5532301,0.1386608,0.30810907,0.412,0.264,0.324,0.3275,0.255,0.4175,20.89,32.16,46.96
116,Gus Edwards,2025.0,RB,LAC,504.5,0.275453,0.34349346,0.3810535,0.17310074,0.47739422,0.349505,0.4,0.316,0.284,0.4,0.315,0.285,36.3,32.49,31.21
117,Hassan Haskins,2025.0,RB,LAC,417.0,0.07551696,0.85844934,0.06603369,0.19706666,0.753858,0.0490754,0.592,0.212,0.196,0.485,0.2275,0.2875,51.3,14.97,33.74
118,Hunter Luepke,2025.0,RB,DAL,422.0,0.12500943,0.8090357,0.065954834,0.19458285,0.77698946,0.028427733,0.594,0.232,0.174,0.5875,0.1925,0.22,50.26,12.21,37.53
119,Isiah Pacheco,2025.0,RB,KC,60.8,0.12130514,0.5576586,0.3210362,0.13433303,0.55633545,0.3093315,0.454,0.252,0.294,0.4175,0.2575,0.325,40.59,31.23,28.18
120,Jahmyr Gibbs,2025.0,RB,DET,4.2,0.008271613,0.8014784,0.19024995,0.016250934,0.7474956,0.23625344,0.47,0.366,0.164,0.4,0.3725,0.2275,57.19,20.45,22.36
121,Jaleel McLaughlin,2025.0,RB,DEN,283.0,0.22437336,0.22949375,0.54613286,0.44258425,0.14766698,0.40974882,0.364,0.248,0.388,0.35,0.215,0.435,21.0,44.47,34.52
122,Jamaal Williams,2025.0,RB,NO,479.0,0.21760489,0.6507928,0.13160236,0.24845372,0.67618024,0.07536604,0.504,0.228,0.268,0.4475,0.25,0.3025,45.12,19.44,35.44
123,James Conner,2025.0,RB,ARI,47.3,0.08524687,0.7568216,0.15793158,0.08631328,0.50958675,0.40409997,0.516,0.266,0.218,0.47,0.3275,0.2025,46.5,24.56,28.94
124,JaMycal Hasty,2025.0,RB,,629.0,0.16682687,0.82175887,0.011414318,0.16577347,0.8270871,0.0071393736,0.518,0.22,0.262,0.51,0.2,0.29,51.72,14.26,34.02
125,Javonte Williams,2025.0,RB,DEN,111.7,0.12367145,0.3939935,0.48233503,0.20408055,0.38618648,0.409733,0.486,0.184,0.33,0.4975,0.19,0.3125,28.85,38.36,32.78
126,Jaylen Warren,2025.0,RB,PIT,87.5,0.35555705,0.39522898,0.24921393,0.3354406,0.5053218,0.15923761,0.494,0.246,0.26,0.505,0.23,0.265,34.41,23.34,42.25
127,Jeremy McNichols,2025.0,RB,WAS,399.5,0.106930204,0.7392116,0.1538582,0.18902695,0.69068193,0.1202911,0.474,0.276,0.25,0.4275,0.28,0.2925,49.65,20.42,29.94
128,Jermar Jefferson,2025.0,RB,DET,274.0,0.21808043,0.6313824,0.15053716,0.25438654,0.64527065,0.10034284,0.542,0.2,0.258,0.5225,0.2275,0.25,42.6,18.97,38.42
129,Jerome Ford,2025.0,RB,CLE,157.7,0.37268114,0.27121764,0.35610119,0.35257462,0.26458904,0.3828363,0.426,0.21,0.364,0.4325,0.27,0.2975,25.4,35.01,39.59
130,J.J. Taylor,2025.0,RB,HOU,309.5,0.22732452,0.40237045,0.370305,0.1839255,0.574093,0.24198146,0.522,0.288,0.19,0.495,0.3225,0.1825,39.67,24.62,35.71
131,J.K. Dobbins,2025.0,RB,LAC,104.8,0.12801883,0.2717655,0.6002157,0.16648002,0.3664161,0.46710387,0.46,0.308,0.232,0.5,0.2675,0.2325,30.34,38.3,31.36
132,Joe Mixon,2025.0,RB,HOU,117.5,0.044579547,0.9268924,0.028528044,0.056600414,0.88515913,0.05824049,0.578,0.208,0.214,0.52,0.235,0.245,56.38,13.64,29.98
133,Jonathan Taylor,2025.0,RB,IND,19.8,0.27972534,0.25879443,0.4614802,0.22536671,0.24319004,0.5314433,0.438,0.264,0.298,0.42,0.2775,0.3025,26.09,39.84,34.08
134,Jonathan Ward,2025.0,RB,PIT,498.0,0.11265916,0.8476428,0.03969807,0.2422017,0.73994285,0.017855467,0.59,0.176,0.234,0.5875,0.1775,0.235,48.53,13.16,38.31
135,Jordan Mason,2025.0,RB,SF,101.5,0.28650537,0.60980475,0.103689864,0.27349353,0.5974296,0.12907688,0.56,0.25,0.19,0.525,0.2475,0.2275,42.62,16.26,41.12
136,Jordan Mims,2025.0,RB,NO,715.0,0.014544784,0.9469709,0.038484376,0.015390875,0.96328425,0.021324879,0.562,0.224,0.214,0.5825,0.2375,0.18,59.29,11.35,29.36
137,Josh Jacobs,2025.0,RB,GB,16.0,0.05233795,0.77692676,0.17073533,0.080451325,0.3824566,0.5370921,0.53,0.272,0.198,0.425,0.3675,0.2075,44.97,27.83,27.19
138,Julius Chestnut,2025.0,RB,TEN,478.5,0.1002176,0.793211,0.106571466,0.0749538,0.89735144,0.027694775,0.56,0.216,0.224,0.515,0.245,0.24,53.79,14.96,31.25
139,Justice Hill,2025.0,RB,BAL,218.0,0.073170476,0.57651436,0.35031515,0.100619726,0.52104,0.3783403,0.494,0.262,0.244,0.4225,0.295,0.2825,41.36,31.38,27.26
140,Kareem Hunt,2025.0,RB,KC,206.3,0.2157239,0.749856,0.034420144,0.15621907,0.82317215,0.02060881,0.556,0.154,0.29,0.54,0.1225,0.3375,46.24,17.06,36.7
141,Keaton Mitchell,2025.0,RB,BAL,240.5,0.559754,0.33406302,0.106182985,0.41721943,0.48281986,0.099960685,0.442,0.25,0.308,0.5,0.2425,0.2575,32.73,19.29,47.97
142,Kendre Miller,2025.0,RB,NO,255.0,0.40228117,0.24718414,0.35053477,0.34718266,0.33250666,0.32031065,0.382,0.27,0.348,0.3575,0.3,0.3425,28.74,34.03,37.22
143,Kene Nwangwu,2025.0,RB,NYJ,653.0,0.30990908,0.63986903,0.050221868,0.29485446,0.67940974,0.025735786,0.566,0.226,0.208,0.6,0.2075,0.1925,43.82,11.91,44.27
144,Kenneth Gainwell,2025.0,RB,PHI,322.7,0.29334626,0.65319383,0.053459875,0.40801814,0.5507583,0.041223563,0.516,0.212,0.272,0.4575,0.23,0.3125,41.15,16.98,41.87
145,Kenneth Walker III,2025.0,RB,SEA,41.0,0.2774461,0.3994574,0.32309648,0.22212632,0.5206605,0.2572132,0.474,0.27,0.256,0.48,0.3,0.22,37.25,26.41,36.34
146,Khalil Herbert,2025.0,RB,CHI,394.7,0.069335334,0.82257277,0.108091876,0.09034683,0.83430713,0.075345986,0.57,0.25,0.18,0.52,0.2275,0.2525,53.36,15.4,31.24
164,Kyren Williams,2025.0,RB,LA,24.2,0.2231989,0.66735905,0.10944207,0.19084333,0.4553997,0.35375696,0.51,0.226,0.264,0.48,0.2075,0.3125,38.91,25.99,35.1
165,Michael Carter,2025.0,RB,ARI,551.5,0.35031903,0.60311013,0.04657078,0.5696954,0.40549004,0.024814554,0.51,0.172,0.318,0.5075,0.16,0.3325,33.52,18.05,48.44
166,Mike Boone,2025.0,RB,CAR,809.0,0.037291054,0.9153812,0.04732777,0.0635516,0.8931658,0.043282636,0.544,0.246,0.21,0.5325,0.265,0.2025,57.99,12.58,29.43
167,Miles Sanders,2025.0,RB,CAR,244.0,0.3261203,0.5006329,0.17324679,0.40361023,0.43393183,0.16245797,0.492,0.202,0.306,0.41,0.2125,0.3775,33.73,25.48,40.79
168,Myles Gaskin,2025.0,RB,MIN,812.0,0.10361267,0.876567,0.019820306,0.24820533,0.7340528,0.017741948,0.55,0.234,0.216,0.5325,0.245,0.2225,52.24,11.9,35.86
169,Najee Harris,2025.0,RB,PIT,135.0,0.08388873,0.7846913,0.13141999,0.08060846,0.7409135,0.178478,0.592,0.188,0.22,0.53,0.2275,0.2425,48.53,19.31,32.16
170,Nick Chubb,2025.0,RB,CLE,128.8,0.37925923,0.18340613,0.43733472,0.41861802,0.11384814,0.46753383,0.398,0.272,0.33,0.4025,0.2275,0.37,19.92,40.12,39.96
171,Rachaad White,2025.0,RB,TB,145.5,0.1287307,0.39981413,0.4714552,0.07985491,0.28624526,0.63389987,0.498,0.284,0.218,0.46,0.33,0.21,32.5,38.33,29.16
172,Raheem Blackshear,2025.0,RB,CAR,690.0,0.21961884,0.7707371,0.009644008,0.24865557,0.74718994,0.0041545066,0.586,0.17,0.244,0.5975,0.1525,0.25,46.01,12.69,41.29
173,Raheem Mostert,2025.0,RB,MIA,228.4,0.34701774,0.46815065,0.18483157,0.22849587,0.54572886,0.22577523,0.492,0.204,0.304,0.4625,0.23,0.3075,36.2,25.55,38.25
174,Rhamondre Stevenson,2025.0,RB,NE,114.2,0.14604752,0.786267,0.06768548,0.12209504,0.63511443,0.24279052,0.586,0.156,0.258,0.53,0.21,0.26,44.68,20.71,34.6
175,Rico Dowdle,2025.0,RB,DAL,189.0,0.09805289,0.8853812,0.016565876,0.1457004,0.82202435,0.0322753,0.566,0.166,0.268,0.5025,0.205,0.2925,51.96,15.23,32.81
176,Ronnie Rivers,2025.0,RB,LA,687.0,0.31384602,0.6677394,0.018414536,0.3480728,0.6384398,0.013487407,0.562,0.186,0.252,0.5275,0.1675,0.305,41.49,14.72,43.79
177,Roschon Johnson,2025.0,RB,CHI,237.4,0.43617734,0.38529608,0.17852658,0.3260846,0.52849907,0.14541633,0.504,0.198,0.298,0.45,0.2175,0.3325,33.23,23.86,42.91
178,Samaje Perine,2025.0,RB,KC,376.5,0.06888099,0.86912704,0.061992005,0.019971719,0.96809524,0.011933079,0.638,0.132,0.23,0.59,0.155,0.255,53.11,13.97,32.92
179,Saquon Barkley,2025.0,RB,PHI,3.7,0.06640581,0.8394441,0.09415009,0.20219131,0.38654682,0.41126183,0.534,0.264,0.202,0.3675,0.3,0.3325,44.75,26.0,29.25
180,Sean Tucker,2025.0,RB,TB,284.7,0.26043218,0.6055648,0.13400306,0.2503461,0.6926554,0.05699853,0.518,0.176,0.306,0.405,0.18,0.415,41.36,22.8,35.84
181,Sincere McCormick,2025.0,RB,LV,458.0,0.48637247,0.4781955,0.03543205,0.5337584,0.43655103,0.029690547,0.488,0.202,0.31,0.4175,0.2075,0.375,33.11,18.75,48.14
182,Tank Bigsby,2025.0,RB,JAX,135.2,0.63758034,0.1105677,0.25185195,0.4457386,0.23665674,0.31760472,0.362,0.336,0.302,0.315,0.39,0.295,26.83,29.16,44.01
183,Tony Pollard,2025.0,RB,TEN,65.2,0.17661493,0.36244473,0.4609404,0.15354799,0.23806301,0.608389,0.442,0.27,0.288,0.4425,0.235,0.3225,27.64,42.0,30.37
184,Travis Homer,2025.0,RB,CHI,488.5,0.10050345,0.8796605,0.019836068,0.2847526,0.69650114,0.018746246,0.598,0.224,0.178,0.585,0.235,0.18,50.88,9.91,39.21
185,Trey Sermon,2025.0,RB,IND,474.0,0.057697434,0.78617513,0.15612745,0.028237445,0.9158138,0.055948734,0.434,0.304,0.262,0.405,0.34,0.255,58.65,18.23,23.12
186,Ty Chandler,2025.0,RB,MIN,393.3,0.31048676,0.64515966,0.0443536,0.46253258,0.51206785,0.025399568,0.468,0.22,0.312,0.38,0.2425,0.3775,40.49,18.98,40.53
187,Ty Johnson,2025.0,RB,BUF,305.7,0.20748135,0.6620585,0.13046017,0.51495683,0.39446452,0.09057867,0.616,0.136,0.248,0.4875,0.1625,0.35,33.88,20.48,45.65
188,Tyjae Spears,2025.0,RB,TEN,183.8,0.3345602,0.6049115,0.060528286,0.33559093,0.5827536,0.0816555,0.5,0.18,0.32,0.445,0.1675,0.3875,38.38,21.24,40.38
189,Tyler Allgeier,2025.0,RB,ATL,169.2,0.62214,0.18682922,0.19103077,0.46345285,0.2973551,0.23919208,0.384,0.26,0.356,0.32,0.3025,0.3775,26.17,29.09,44.74
190,Tyler Badie,2025.0,RB,DEN,434.0,0.21927677,0.5293825,0.25134072,0.29424167,0.53861284,0.16714549,0.506,0.278,0.216,0.4875,0.28,0.2325,40.65,21.67,37.68
191,Tyler Goodson,2025.0,RB,IND,456.0,0.24461327,0.7131301,0.042256575,0.32116258,0.65329695,0.025540449,0.558,0.176,0.266,0.4975,0.1775,0.325,43.0,16.47,40.53
192,Tyrion Davis-Price,2025.0,RB,PHI,674.0,0.087573454,0.86810327,0.044323266,0.08887999,0.89067495,0.020445038,0.586,0.232,0.182,0.6,0.2225,0.1775,55.33,10.61,34.06
193,Zach Charbonnet,2025.0,RB,SEA,110.0,0.085265756,0.36649373,0.5482405,0.06623284,0.54706043,0.38670674,0.504,0.244,0.252,0.4975,0.3125,0.19,36.75,34.42,28.82
194,Zack Moss,2025.0,RB,CIN,287.0,0.5029631,0.28837714,0.20865974,0.40404177,0.45039573,0.14556246,0.508,0.196,0.296,0.4825,0.1825,0.335,27.93,24.63,47.44
195,Zamir White,2025.0,RB,LV,320.3,0.2577407,0.3904764,0.35178292,0.160613,0.49794865,0.34143832,0.376,0.314,0.31,0.3725,0.29,0.3375,37.31,33.52,29.17
196,Adam Trautman,2025.0,TE,DEN,356.5,0.8922322,0.0960491,0.011718756,0.4374966,0.54864573,0.01385769,0.7710873677723136,0.0971120716309878,0.1318005605966988,0.7516256662247657,0.1390140421826265,0.1093602915926082,22.02,6.67,71.31
197,Austin Hooper,2025.0,TE,NE,367.0,0.08075078,0.9187028,0.00054643827,0.026187722,0.97339964,0.0004127165,0.2947371202671158,0.6825811446253301,0.0226817351075534,0.4191130156872914,0.5504202756590437,0.0304667086536648,78.13,1.35,20.52
198,Ben Sims,2025.0,TE,GB,725.0,0.25906062,0.072741814,0.6681976,0.055824876,0.30735576,0.6368194,0.3170681695717185,0.0438005527295581,0.6391312776987231,0.3053519135967195,0.0716903884441604,0.6229576979591189,12.39,64.18,23.43
199,Blake Whiteheart,2025.0,TE,CLE,724.0,0.56030357,0.09515064,0.34454584,0.17332716,0.49854365,0.3281292,0.4268203521752625,0.0507208823998877,0.5224587654248499,0.4236194761127131,0.0747193325920352,0.5016611912952513,17.98,42.42,39.6
200,Brayden Willis,2025.0,TE,SF,705.0,0.1583078,0.07929485,0.76239735,0.046571285,0.29966536,0.65376335,0.2547566295713481,0.0492170289202876,0.6960263415083641,0.2474671434801314,0.0763705243494094,0.6761623321704578,12.61,69.71,17.68
201,Brenton Strange,2025.0,TE,JAX,197.5,0.008224008,0.99091786,0.00085814623,0.037336547,0.960864,0.0017994298,0.3317967183597219,0.6152872512236691,0.0529160304166084,0.5257869175109231,0.3812242772940624,0.0929888051950145,73.71,3.71,22.58
202,Brock Wright,2025.0,TE,DET,310.5,0.47314963,0.13355732,0.39329305,0.085570924,0.79584825,0.118580855,0.4799497942460773,0.1051324506159629,0.4149177551379599,0.4910754852332191,0.1259755474922003,0.382948967274581,29.01,32.74,38.24
203,Cade Otton,2025.0,TE,TB,214.4,0.017506717,0.9821691,0.00032415087,0.0020106994,0.9978934,9.587672e-05,0.2313838070228055,0.7504134498159872,0.0182027431612069,0.2528796136985187,0.7329951843529634,0.0141252019485176,86.59,0.82,12.59
204,Charlie Kolar,2025.0,TE,BAL,460.0,0.65719354,0.0684248,0.27438164,0.11781488,0.43367526,0.4485098,0.4985372259681378,0.0698512475012963,0.431611526530566,0.4948236376267687,0.0972592651074753,0.4079170972657564,16.73,39.06,44.21
205,Charlie Woerner,2025.0,TE,ATL,630.0,0.2109875,0.13211876,0.65689373,0.0720523,0.5647008,0.3632469,0.3066595003708804,0.0637606739277428,0.6295798257013768,0.3412216175430734,0.0881978257840366,0.5705805566728892,21.22,55.51,23.27
206,Chig Okonkwo,2025.0,TE,,194.5,0.27127793,0.71001035,0.018711748,0.105383836,0.8814713,0.01314491,0.3573537952761281,0.435573694123356,0.2070725106005159,0.4121865557483229,0.3711040905974393,0.2167093536542376,59.95,11.39,28.66
207,Colby Parkinson,2025.0,TE,LA,475.7,0.7536265,0.2355361,0.010837329,0.2529006,0.73723316,0.00986629,0.7455514262047118,0.2125804673271734,0.0418681064681151,0.7508182941981381,0.1957345446805896,0.0534471611212726,34.53,2.9,62.57
208,Cole Kmet,2025.0,TE,CHI,250.5,0.0014887344,0.9983783,0.00013300458,0.007909001,0.9917339,0.00035709975,0.2345166706593579,0.7325521032318493,0.0329312261087923,0.3677295060927483,0.5864564913853347,0.0458140025219171,82.73,1.98,15.29
209,Connor Heyward,2025.0,TE,PIT,389.5,0.4584499,0.1206872,0.42086285,0.0917231,0.5160948,0.39218205,0.3614736474440775,0.0547861961552653,0.5837401564006577,0.363081305549877,0.0824191930631288,0.5544995013869934,19.35,48.78,31.87
210,Dallas Goedert,2025.0,TE,PHI,142.3,0.010709972,0.975689,0.013601069,0.007026439,0.9848465,0.008127103,0.1805016057991542,0.5684289242033936,0.2510694699974519,0.2636511131536004,0.5113344609354521,0.2250144259109476,76.01,12.45,11.55
211,Dalton Kincaid,2025.0,TE,BUF,129.8,0.010146764,0.9873054,0.002547863,0.0050145998,0.9935179,0.0014675435,0.3262070461254766,0.5990425542108191,0.0747503996637041,0.3321012473388834,0.6019387908460733,0.0659599618150436,79.55,3.62,16.84
212,Dalton Schultz,2025.0,TE,HOU,259.4,0.004674853,0.99490285,0.00042234862,0.0131616695,0.9864609,0.00037743174,0.2885772590942612,0.6864115838106556,0.0250111570950828,0.3542929380610929,0.6146341841783468,0.0310728777605601,82.06,1.42,16.52
213,Daniel Bellinger,2025.0,TE,NYG,431.0,0.3565778,0.24852714,0.3948951,0.110387824,0.42365828,0.4659539,0.4761992646911471,0.1084147532502441,0.4153859820586088,0.4661047153037278,0.1098479772815331,0.4240473074147393,22.26,42.51,35.23
214,Darnell Washington,2025.0,TE,PIT,356.7,0.8398575,0.13490587,0.025236595,0.36922914,0.6134989,0.017271886,0.74471603434508,0.1144244881784531,0.1408594774764674,0.7433683853737217,0.1417645443248641,0.1148670703014147,25.11,7.46,67.43
215,David Njoku,2025.0,TE,CLE,84.2,0.0063749454,0.9880162,0.005608898,0.00534843,0.9922672,0.002384418,0.2433039072011627,0.6058494604595966,0.1508466323392403,0.2534673747596065,0.6393588952396363,0.1071737300007572,80.64,6.65,12.71
216,Davis Allen,2025.0,TE,LA,504.0,0.17843127,0.049977757,0.77159095,0.030347798,0.20746168,0.7621905,0.2652298381723745,0.0459926016226939,0.6887775602049314,0.2627593912829754,0.0639638154479197,0.6732767932691042,9.18,72.4,18.42
217,Dawson Knox,2025.0,TE,BUF,299.0,0.72053766,0.26209122,0.017371159,0.12856044,0.8574022,0.014037349,0.5993090834268799,0.272660718979288,0.1280301975938321,0.6115636989764981,0.261121773682631,0.1273145273408717,41.33,7.17,51.5
218,Drew Sample,2025.0,TE,CIN,419.0,0.317496,0.253709,0.42879495,0.03864706,0.83969295,0.12166,0.4526557563010242,0.1024061335281227,0.4449381101708533,0.4750098440459025,0.1317865424207159,0.3932036135333816,33.19,34.71,32.1
219,Durham Smythe,2025.0,TE,MIA,529.5,0.56700224,0.1327766,0.3002212,0.23879807,0.52213556,0.23906633,0.4829440719028789,0.038544846247577,0.478511081849544,0.502958025965188,0.0546082954316935,0.4424336786031188,18.7,36.51,44.79
220,E.J. Jenkins,2025.0,TE,PHI,421.0,0.34320217,0.07476606,0.5820318,0.0489376,0.48067763,0.47038484,0.2330791504578838,0.0489147077135908,0.7180061418285253,0.2454082422756843,0.0711521996890799,0.6834395580352349,16.89,61.35,21.77
221,Elijah Higgins,2025.0,TE,ARI,381.3,0.95175934,0.040242933,0.007997754,0.46646413,0.52188826,0.011647572,0.7621126135153268,0.1014808569084736,0.1364065295761999,0.7398477648168013,0.1297622882969479,0.1303899468862514,19.83,7.16,73.0
222,Eric Saubert,2025.0,TE,SF,478.0,0.6764696,0.06360185,0.25992858,0.17541979,0.46441862,0.36016154,0.4936737878673339,0.0608039363183174,0.4455222758143487,0.518178345026661,0.0746868802553235,0.407134774718016,16.59,36.82,46.59
223,Evan Engram,2025.0,TE,JAX,84.7,0.08557417,0.81548566,0.0989402,0.0062045697,0.9614079,0.032387476,0.2829314163901247,0.4346587657461248,0.2824098178637505,0.3005088172750881,0.411678249159189,0.2878129335657231,65.58,17.54,16.88
224,Foster Moreau,2025.0,TE,NO,500.0,0.00023155521,0.9997168,5.1660547e-05,0.0029168013,0.99682045,0.00026268506,0.1894880436183837,0.7777327287320294,0.0327792276495864,0.4828731037969657,0.4730286411692802,0.0440982550337542,81.18,1.93,16.89
225,George Kittle,2025.0,TE,SF,38.2,0.002624749,0.99722964,0.0001456292,0.006927708,0.9929041,0.00016818468,0.1542769231355253,0.8405134821090045,0.0052095947554697,0.3151920196717848,0.6831413136615484,0.0016666666666666,87.84,0.18,11.98
226,Gerald Everett,2025.0,TE,CHI,806.0,0.19029291,0.06692115,0.7427859,0.053082205,0.3509178,0.59599996,0.2768405752904758,0.0545347970850715,0.6686246276244524,0.2967865842832826,0.0708264718978425,0.6323869438188741,13.58,65.99,20.43
227,Grant Calcaterra,2025.0,TE,PHI,360.7,0.023323666,0.97482353,0.0018527809,0.044571772,0.95247614,0.0029520364,0.4384350879093402,0.4563299992666118,0.1052349128240475,0.5598876388026899,0.3253581122570865,0.1147542489402238,67.72,5.62,26.66
228,Greg Dulcich,2025.0,TE,DEN,667.0,0.32297754,0.09865725,0.5783652,0.088286996,0.41186157,0.49985138,0.3537576836510185,0.0719278276145564,0.574314488734425,0.3497152233416173,0.1039021619588578,0.5463826146995243,17.16,54.97,27.87
230,Harrison Bryant,2025.0,TE,LV,617.0,0.21130145,0.08173368,0.7069649,0.08264698,0.3855108,0.5318422,0.3732931409752046,0.0792365002160011,0.5474703588087945,0.3753442501875768,0.1014416283897098,0.523214121422713,16.2,57.74,26.06
231,Hunter Henry,2025.0,TE,NE,164.7,0.0032025964,0.996606,0.00019136391,0.0017609987,0.9980792,0.0001597922,0.2903901597767779,0.700776702118548,0.0088331381046733,0.3551306713832758,0.6245229426968146,0.0203463859199097,83.0,0.74,16.26
232,Hunter Long,2025.0,TE,LA,651.0,0.21541192,0.054900814,0.72968733,0.06171936,0.31330273,0.6249779,0.3199271222712087,0.0492011518252627,0.6308717259035285,0.3039122415004191,0.0703823411464948,0.6257054173530853,12.19,65.28,22.52
233,Ian Thomas,2025.0,TE,CAR,478.0,0.14111269,0.06356818,0.79531914,0.02797471,0.22438511,0.7476402,0.2531063954760831,0.042551714598759,0.7043418899251578,0.2547382798492129,0.0652827651268289,0.6799789550239572,9.89,73.18,16.92
234,Isaiah Likely,2025.0,TE,BAL,194.0,0.021105876,0.978213,0.000681141,0.016271759,0.98316747,0.00056071754,0.3007285891152351,0.6765532144738584,0.0227181964109061,0.3644206338227032,0.6050838959568327,0.0304954702204639,81.08,1.36,17.56
235,Jack Stoll,2025.0,TE,MIA,660.0,0.149623,0.0779152,0.77246183,0.040856753,0.30058858,0.6585547,0.2469931383401043,0.0444560753792726,0.7085507862806231,0.2438822667487054,0.0660608137124447,0.6900569195388487,12.23,70.74,17.03
237,Jake Ferguson,2025.0,TE,DAL,137.5,0.047470942,0.9242576,0.028271465,0.028225109,0.954418,0.017356893,0.3746855866905615,0.5302354746417657,0.0950789386676723,0.3842060098729646,0.5169760174546275,0.0988179726724077,73.15,5.99,20.86
238,Jeremy Ruckert,2025.0,TE,NYJ,490.5,0.8876739,0.048846256,0.06347982,0.34550536,0.522734,0.13176066,0.6584126151544677,0.0540512590433776,0.2875361258021547,0.6288136737359143,0.078025236430419,0.293161089833667,17.59,19.4,63.01
239,John Bates,2025.0,TE,WAS,478.0,0.20989467,0.1277439,0.66236144,0.049041294,0.54265624,0.40830246,0.3426626147233289,0.0752320324460181,0.582105352830653,0.3684577668997793,0.1067117023960452,0.524830530704175,21.31,54.44,24.25
240,John FitzPatrick,2025.0,TE,GB,446.5,0.15199564,0.051240765,0.79676366,0.028053248,0.1968812,0.77506554,0.2179743783488906,0.0433229725878751,0.7387026490632341,0.2238002303856477,0.0629812152358747,0.7132185543784764,8.86,75.59,15.55
241,Johnny Mundt,2025.0,TE,MIN,482.0,0.9064822,0.08057306,0.012944735,0.3031035,0.6764882,0.020408234,0.788150814886549,0.086528425624463,0.125320759488988,0.766241323927311,0.1117022841616196,0.1220563919110698,23.88,7.02,69.1
242,Jonnu Smith,2025.0,TE,MIA,152.7,0.0064609153,0.9931687,0.00037033882,0.005185347,0.9945746,0.00024007255,0.2257704780993655,0.7588959107281178,0.0153336111725161,0.3074418656770215,0.6775823332108845,0.014975801112094,85.61,0.77,13.62
243,Josh Oliver,2025.0,TE,MIN,382.0,0.10353349,0.88749003,0.008976448,0.03844366,0.95450556,0.0070508397,0.4713881231949814,0.3980269631168361,0.1305849136881824,0.5526426073222763,0.3449437111039368,0.1024136815737868,64.62,6.23,29.15
244,Josh Whyle,2025.0,TE,TEN,515.0,0.8331361,0.14773831,0.019125605,0.5391117,0.44280857,0.018079767,0.7056721566902706,0.1779259278951726,0.1164019154145569,0.7399519813883331,0.1524427020081113,0.1076053166035559,23.02,6.53,70.45
245,Julian Hill,2025.0,TE,MIA,410.7,0.33494008,0.17388669,0.49117324,0.044196144,0.7269625,0.22884133,0.4987778570799316,0.0947046482342237,0.4065174946858451,0.4985238013873095,0.1287171265723637,0.3727590720403272,28.11,37.48,34.41
246,Juwan Johnson,2025.0,TE,NO,279.0,0.0025161118,0.99735534,0.00012852445,0.0010966267,0.99881905,8.431941e-05,0.187689107416356,0.7850151548893595,0.0272957376942843,0.2768658428158428,0.7013561442469115,0.0217780129372457,87.06,1.23,11.7
247,Kenny Yeboah,2025.0,TE,NYJ,640.0,0.4694809,0.07796833,0.45255074,0.14599596,0.48676834,0.36723572,0.3236838082308824,0.0518488230368826,0.6244673687322351,0.3166104290974151,0.0706424328411136,0.6127471380614705,17.18,51.43,31.39
248,Kylen Granson,2025.0,TE,IND,420.0,0.74283564,0.17538814,0.08177624,0.21327598,0.71933514,0.06738891,0.6840951264723343,0.1110924224975219,0.2048124510301437,0.6659666999639487,0.1438677976672202,0.1901655023688317,28.74,13.6,57.65
249,Lucas Krull,2025.0,TE,DEN,685.0,0.63270646,0.07948828,0.28780523,0.1483548,0.62066174,0.23098353,0.6148918520191758,0.0941451589356026,0.2909629890452215,0.6326378167519068,0.1135804778959458,0.2537817053521478,22.7,26.59,50.71
250,Luke Farrell,2025.0,TE,JAX,502.0,0.30141053,0.073372066,0.62521744,0.08223055,0.38258097,0.5351885,0.4162029011049699,0.0536691826672822,0.5301279162277478,0.4096320683522959,0.0792173620513417,0.5111505695963622,14.72,55.04,30.24
251,Luke Musgrave,2025.0,TE,GB,342.0,0.19839004,0.045680437,0.7559295,0.03555759,0.21981779,0.7446246,0.2735250776669577,0.0498409494970167,0.6766339728360257,0.2613860693259666,0.0732845334419749,0.6653293972320573,9.72,71.06,19.22
252,Luke Schoonmaker,2025.0,TE,DAL,400.3,0.90526235,0.06419029,0.030547358,0.16973385,0.7953336,0.03493251,0.5878824907535037,0.1951045278218428,0.2170129814246534,0.6077844746383368,0.2190963360001334,0.17311918936153,31.84,11.39,56.77
253,Mark Andrews,2025.0,TE,BAL,74.3,0.0020055324,0.99780244,0.00019196897,0.004875166,0.99488765,0.0002372039,0.3531482104195845,0.6351572422686992,0.011694547311716,0.4439826700672699,0.5401254448630695,0.0158918850696607,79.2,0.7,20.1
254,Michael Mayer,2025.0,TE,LV,339.7,0.48667535,0.15077755,0.3625471,0.0780624,0.69944024,0.22249737,0.5355101637017216,0.1090326617259146,0.3554571745723641,0.5191414823503264,0.1546833432701304,0.3261751743795437,27.85,31.67,40.48
255,Mike Gesicki,2025.0,TE,CIN,252.8,0.0047261636,0.99461055,0.00066330575,0.0061230143,0.9931504,0.000726596,0.2622732525851107,0.6982157639028769,0.039510983512012,0.3478566552813052,0.6177820843497173,0.0343612603689775,82.59,1.88,15.52
256,Mo Alie-Cox,2025.0,TE,IND,442.7,0.77931607,0.1405371,0.08014681,0.22310959,0.73216915,0.04472123,0.6612662527492197,0.0764061225829314,0.2623276246678491,0.6428858634143649,0.1270149578260991,0.2300991787595367,26.9,15.43,57.66
257,Nate Adkins,2025.0,TE,DEN,534.0,0.9359598,0.049815606,0.014224565,0.40350354,0.57371944,0.022777038,0.6726282172542066,0.0799359812496292,0.2474358014961645,0.658460384353662,0.1097421375112637,0.231797478135075,20.33,12.91,66.76
258,Noah Fant,2025.0,TE,SEA,318.7,0.03885153,0.9593471,0.0018012983,0.016774591,0.98270917,0.00051621307,0.341336263674519,0.6183889921888934,0.0402747441365867,0.3573085599668157,0.6096769272721725,0.0330145127610117,79.25,1.89,18.86
259,Noah Gray,2025.0,TE,KC,267.0,0.0012439737,0.9984854,0.00027065573,0.008862704,0.9899048,0.0012324705,0.2803946130923095,0.6734117626698075,0.0461936242378829,0.5330327060989734,0.4107562195648723,0.0562110743361545,76.81,2.6,20.59
260,Pat Freiermuth,2025.0,TE,PIT,203.6,0.0061666225,0.9935592,0.00027427342,0.005587124,0.99424213,0.00017066485,0.2394051067147253,0.7481518099293246,0.0124430833559495,0.3305757620861725,0.6632892267390857,0.006135011174742,84.98,0.48,14.54
261,Payne Durham,2025.0,TE,TB,509.0,0.4744486,0.3795532,0.14599822,0.08721411,0.8156598,0.097126,0.4989216133918628,0.1343023396817128,0.3667760469264248,0.4951248756683942,0.1632094391163532,0.3416656852152528,37.32,23.79,38.89
262,Pharaoh Brown,2025.0,TE,SEA,578.0,0.15445356,0.06525688,0.7802896,0.04274644,0.28542426,0.6718293,0.2903929375370341,0.0471010029155044,0.6625060595474614,0.2770951350940567,0.0714510808107453,0.6514537840951969,11.73,69.15,19.12
263,Quintin Morris,2025.0,TE,BUF,825.0,0.44421098,0.16195208,0.39383692,0.1486521,0.5528666,0.29848137,0.4450030162329195,0.0528557648202663,0.5021412189468143,0.4277255503252866,0.0775266446607184,0.4947478050139945,21.13,42.23,36.64
264,Ross Dwelley,2025.0,TE,ATL,808.0,0.1569604,0.073888436,0.76915115,0.04066722,0.31716603,0.64216673,0.2240972844262768,0.0445854351499367,0.7313172804237864,0.2438663573666404,0.0700943667885215,0.686039275844837,12.64,70.72,16.64
265,Sam LaPorta,2025.0,TE,DET,53.2,0.012512927,0.9869861,0.00050096377,0.0010829222,0.9987281,0.00018898507,0.2831769256693069,0.703424032715366,0.0133990416153263,0.3008326910756342,0.6839971242951532,0.0151701846292125,84.33,0.73,14.94
266,Shane Zylstra,2025.0,TE,DET,574.5,0.23302944,0.112051554,0.654919,0.058450185,0.34816492,0.59338486,0.2888437902700449,0.0542758611738851,0.6568803485560699,0.2859767364215272,0.0724072393983117,0.6416160241801598,14.67,63.67,21.66
267,Stone Smartt,2025.0,TE,LAC,688.0,0.09702427,0.68265426,0.22032142,0.12858067,0.73507315,0.13634618,0.4663431353040185,0.2043736475621398,0.3292832171338418,0.4976066809074849,0.1891650271157433,0.313228291976772,45.28,24.98,29.74
268,Tanner Conner,2025.0,TE,,498.0,0.2381895,0.10490378,0.6569067,0.048408072,0.28951472,0.6620772,0.3090095154125523,0.0582441269799697,0.6327463576074781,0.3137424589703,0.0802813512463031,0.6059761897833961,13.32,63.94,22.73
269,Tanner Hudson,2025.0,TE,CIN,483.0,0.5686226,0.08391048,0.34746692,0.08915445,0.5332807,0.37756488,0.5033461524201733,0.0887636339802917,0.4078902135995352,0.5016266043916493,0.1064879613282918,0.3918854342800591,20.31,38.12,41.57
270,Taysom Hill,2025.0,TE,NO,330.0,0.414911,0.5036968,0.081392184,0.05659238,0.8489463,0.09446136,0.4296457831222793,0.3095257988268124,0.2608284180509079,0.4242725878224443,0.2973206714404191,0.2784067407371366,48.99,17.88,33.14
271,T.J. Hockenson,2025.0,TE,MIN,63.5,0.275251,0.5505217,0.17422731,0.05331791,0.82853615,0.11814597,0.3020334452458617,0.3297360228152416,0.3682305319388967,0.3396525383265734,0.311146056829008,0.3492014048444186,50.5,25.25,24.26
272,Tommy Tremble,2025.0,TE,CAR,463.3,0.21370749,0.7553154,0.030977115,0.03562292,0.95306885,0.011308208,0.5087609228105614,0.3555433589609396,0.1356957182284989,0.5764907460211345,0.2977833118713464,0.1257259421075195,59.04,7.59,33.36
273,Travis Kelce,2025.0,TE,KC,62.5,0.016117752,0.9834763,0.00040595967,0.0021003627,0.99771845,0.00018117623,0.238518173404985,0.7553173485049096,0.0061644780901047,0.3020089038354173,0.6830801846328463,0.0149109115317364,85.49,0.54,13.97
274,Trey McBride,2025.0,TE,ARI,28.0,0.00090275094,0.99897754,0.00011971163,0.0008660284,0.99900776,0.0001262067,0.171665708270337,0.818603939991061,0.0097303517386014,0.1750768202743645,0.8196730770668901,0.0052501026587452,90.91,0.38,8.71
275,Tucker Fisk,2025.0,TE,LAC,689.0,0.1637311,0.06971966,0.7665492,0.05052835,0.31343317,0.6360384,0.2343169222703313,0.0444889585266595,0.721194119203009,0.2381656382985384,0.067005412038052,0.6948289496634086,12.37,70.47,17.17
276,Tucker Kraft,2025.0,TE,GB,110.5,0.011622072,0.9880156,0.00036231795,0.0035271167,0.9962447,0.00022817645,0.2895733626914558,0.6931083702984002,0.0173182670101434,0.2844869938851603,0.6789273932971182,0.0365856128177215,83.91,1.36,14.73
277,Tyler Conklin,2025.0,TE,NYJ,306.0,0.026816169,0.9728069,0.00037692845,0.035080142,0.96463424,0.0002856291,0.2921783498175925,0.6892603013190823,0.0185613488633247,0.4210679344594458,0.553062486388129,0.0258695791524253,79.49,1.13,19.38
278,Tyler Higbee,2025.0,TE,LA,302.0,0.3200601,0.28354988,0.39639,0.11280718,0.6797477,0.20744513,0.2992540652522657,0.1489272349646579,0.5518186997830762,0.3119742603215148,0.1458534821913413,0.542172257487143,31.45,42.45,26.1
279,Will Dissly,2025.0,TE,LAC,352.0,0.037672598,0.9618796,0.00044773892,0.022921765,0.97672415,0.00035404638,0.2902632710494783,0.6721899059096202,0.0375468230409012,0.3811207470061111,0.5610686698368924,0.0578105831569964,79.3,2.4,18.3
280,Will Mallory,2025.0,TE,IND,698.0,0.27293244,0.109125204,0.61794233,0.08673057,0.35323158,0.56003785,0.2908213088133535,0.044203005349402,0.6649756858372445,0.2980809668521655,0.0674014975129468,0.6345175356348869,14.35,61.94,23.71
281,Zach Davidson,2025.0,TE,BUF,652.0,0.17194515,0.057551466,0.77050334,0.050235964,0.24919373,0.70057034,0.2145474884265641,0.0415541759179639,0.7438983356554718,0.2142364377517351,0.0666371376999836,0.7191264245482801,10.37,73.35,16.27
282,Zach Ertz,2025.0,TE,WAS,154.2,0.0056133294,0.9942063,0.0001802816,0.004421729,0.9953779,0.00020036148,0.2917440944082232,0.6986575252920298,0.0095983802997467,0.3674871172426828,0.6279125370323902,0.0046003457249269,82.9,0.36,16.73
283,Adam Thielen,2025.0,WR,CAR,172.8,0.00053427723,0.99895465,0.0005110279,0.0014660369,0.9959558,0.0025782117,0.3683333333333333,0.2533333333333333,0.3783333333333333,0.8933333333333333,0.065,0.0416666666666666,57.83,10.58,31.59
284,A.J. Brown,2025.0,WR,PHI,20.3,0.94529676,0.03349403,0.021209221,0.98609525,0.00817373,0.0057309642,0.39,0.3166666666666666,0.2933333333333333,0.6933333333333334,0.0183333333333333,0.2883333333333333,9.42,15.22,75.37
285,Alec Pierce,2025.0,WR,IND,233.8,0.0006051022,0.9988973,0.000497593,0.00096462184,0.99760276,0.0014326185,0.4716666666666667,0.2133333333333333,0.315,0.91,0.0733333333333333,0.0166666666666666,57.08,8.34,34.58
286,Allen Lazard,2025.0,WR,NYJ,320.0,0.0006695929,0.99883634,0.000494073,0.001853901,0.004118456,0.9940276,0.4083333333333333,0.2,0.3916666666666666,0.81,0.18,0.01,34.57,34.9,30.52
287,Amon-Ra St. Brown,2025.0,WR,DET,9.7,0.033458587,0.043959383,0.9225821,0.97799873,0.01651227,0.0054890085,0.4816666666666667,0.295,0.2233333333333333,0.565,0.0233333333333333,0.4116666666666667,9.47,39.08,51.45
288,Andrei Iosivas,2025.0,WR,CIN,273.7,0.0004468037,0.9990459,0.00050728157,0.00073532364,0.9981341,0.0011305993,0.4133333333333333,0.2366666666666666,0.35,0.7633333333333333,0.235,0.0016666666666666,61.72,8.83,29.45
289,Anthony Miller,2025.0,WR,BAL,583.0,0.00047906244,0.9990268,0.0004941672,0.0019153053,0.0022881266,0.99579656,0.4516666666666666,0.29,0.2583333333333333,0.5283333333333333,0.4716666666666667,0.0,44.07,31.37,24.56
290,Ashton Dulin,2025.0,WR,IND,599.0,0.00056794105,0.9989379,0.00049412326,0.0021554083,0.0026944864,0.99515015,0.45,0.27,0.28,0.5866666666666667,0.4133333333333333,0.0,42.12,31.89,25.98
291,Ben Skowronek,2025.0,WR,PIT,472.0,0.00062854827,0.99886787,0.00050363404,0.001993547,0.004187622,0.9938188,0.425,0.25,0.325,0.7433333333333333,0.2516666666666666,0.005,37.62,33.11,29.27
292,Brandin Cooks,2025.0,WR,DAL,315.0,0.0004512233,0.9990451,0.0005037234,0.0020185648,0.0034030767,0.99457836,0.3566666666666667,0.39,0.2533333333333333,0.6683333333333333,0.3283333333333333,0.0033333333333333,43.02,31.29,25.69
293,Brandon Aiyuk,2025.0,WR,SF,147.2,0.00045122762,0.9990546,0.000494181,0.0015287867,0.99543977,0.0030313572,0.3333333333333333,0.3466666666666667,0.32,0.8116666666666666,0.1616666666666666,0.0266666666666666,62.57,8.75,28.67
294,Brandon Johnson,2025.0,WR,PIT,680.0,0.0004512233,0.9990451,0.0005037234,0.002065003,0.0025058172,0.99542916,0.4883333333333333,0.2233333333333333,0.2883333333333333,0.5016666666666667,0.4983333333333333,0.0,43.08,32.11,24.81
295,Braxton Berrios,2025.0,WR,MIA,421.5,0.00047906244,0.9990268,0.0004941672,0.002347314,0.0052729817,0.99237967,0.4183333333333333,0.2416666666666666,0.34,0.7083333333333334,0.2883333333333333,0.0033333333333333,38.36,33.41,28.24
296,Britain Covey,2025.0,WR,PHI,673.0,0.0004512233,0.9990451,0.0005037234,0.0021924311,0.0026876424,0.9951199,0.4883333333333333,0.24,0.2716666666666666,0.465,0.535,0.0,44.42,31.68,23.9
297,Bryce Ford-Wheaton,2025.0,WR,NYG,411.0,0.00059203355,0.99890435,0.00050365244,0.0023529117,0.0029009385,0.9947462,0.3916666666666666,0.2766666666666666,0.3316666666666666,0.705,0.29,0.005,39.21,33.3,27.49
298,Brycen Tremayne,2025.0,WR,WAS,386.0,0.0004512233,0.9990451,0.0005037234,0.0023528498,0.0029271247,0.99472,0.415,0.2483333333333333,0.3366666666666666,0.7283333333333334,0.2683333333333333,0.0033333333333333,37.97,33.38,28.65
299,Calvin Austin III,2025.0,WR,PIT,265.5,0.00047721973,0.999019,0.0005037103,0.0009812119,0.99740595,0.0016128247,0.4066666666666667,0.3516666666666667,0.2416666666666666,0.7966666666666666,0.1866666666666666,0.0166666666666666,63.37,6.51,30.12
300,Calvin Ridley,2025.0,WR,TEN,63.7,0.0011226207,0.998262,0.0006154065,0.002326709,0.9955194,0.0021538571,0.375,0.3183333333333333,0.3066666666666666,0.8066666666666666,0.025,0.1683333333333333,58.43,11.94,29.63
301,Cedric Tillman,2025.0,WR,CLE,199.3,0.0006773107,0.99881905,0.0005036095,0.003204279,0.9903224,0.0064733126,0.3333333333333333,0.3016666666666667,0.365,0.835,0.1566666666666666,0.0083333333333333,61.19,9.51,29.31
302,Cedrick Wilson Jr.,2025.0,WR,NO,460.0,0.00047906244,0.9990268,0.0004941672,0.0019313325,0.004288282,0.99378043,0.4366666666666666,0.3033333333333333,0.26,0.7183333333333334,0.28,0.0016666666666666,39.67,31.4,28.94
303,CeeDee Lamb,2025.0,WR,DAL,5.0,0.010540705,0.025030462,0.96442884,0.9878335,0.007881589,0.004284884,0.52,0.2183333333333333,0.2616666666666666,0.5683333333333334,0.01,0.4216666666666667,6.53,41.3,52.17
304,Charlie Jones,2025.0,WR,CIN,530.5,0.00047905787,0.99901724,0.00050370937,0.0020009454,0.0042223223,0.9937768,0.4383333333333333,0.24,0.3216666666666666,0.5216666666666666,0.4783333333333333,0.0,43.04,32.9,24.06
305,Chris Godwin Jr.,2025.0,WR,,107.0,0.0008631204,0.99854016,0.00059668894,0.0027435399,0.9932862,0.0039702337,0.42,0.3816666666666666,0.1983333333333333,0.865,0.0716666666666666,0.0633333333333333,61.13,6.66,32.22
306,Chris Olave,2025.0,WR,NO,82.3,0.00046501376,0.99902225,0.0005127699,0.00176488,0.99522924,0.0030059337,0.3733333333333333,0.3383333333333333,0.2883333333333333,0.7733333333333333,0.1233333333333333,0.1033333333333333,61.4,9.88,28.72
307,Christian Kirk,2025.0,WR,JAX,151.0,0.00047906244,0.9990268,0.0004941672,0.0013365046,0.9960341,0.0026294282,0.3383333333333333,0.3283333333333333,0.3333333333333333,0.8116666666666666,0.16,0.0283333333333333,62.08,9.12,28.8
308,Christian Watson,2025.0,WR,GB,340.0,0.00054784364,0.998958,0.0004941332,0.0020556746,0.0025625443,0.9953818,0.43,0.27,0.3,0.7116666666666667,0.2866666666666667,0.0016666666666666,38.95,32.44,28.61
309,Cody White,2025.0,WR,SEA,624.0,0.0005920392,0.9989139,0.0004941114,0.0018941537,0.0020882909,0.9960175,0.44,0.3066666666666666,0.2533333333333333,0.5683333333333334,0.43,0.0016666666666666,43.44,31.29,25.27
310,Cooper Kupp,2025.0,WR,LA,92.5,0.000550408,0.99894637,0.00050325086,0.0012631164,0.9966084,0.0021285575,0.3966666666666666,0.42,0.1833333333333333,0.84,0.0483333333333333,0.1116666666666666,61.6,7.44,30.96
311,Courtland Sutton,2025.0,WR,DEN,52.8,0.0025431276,0.99677026,0.0006866906,0.0038614247,0.99279225,0.0033463452,0.49,0.2266666666666666,0.2833333333333333,0.795,0.04,0.165,56.41,11.31,32.29
312,Curtis Samuel,2025.0,WR,BUF,408.3,0.00045496877,0.9990508,0.00049417914,0.0034459624,0.005734459,0.99081963,0.4483333333333333,0.2866666666666667,0.265,0.6266666666666667,0.37,0.0033333333333333,41.54,31.49,26.97
313,Dante Pettis,2025.0,WR,NO,584.0,0.00045705726,0.99904877,0.00049417815,0.0018717605,0.00242261,0.99570566,0.5116666666666667,0.2516666666666666,0.2366666666666666,0.3983333333333333,0.6016666666666667,0.0,46.37,30.82,22.81
314,Dareke Young,2025.0,WR,SEA,676.0,0.00062855426,0.99887735,0.00049409334,0.0019760837,0.0040761996,0.99394774,0.4166666666666667,0.2466666666666666,0.3366666666666666,0.5833333333333334,0.4166666666666667,0.0,41.66,33.28,25.07
315,Darius Slayton,2025.0,WR,NYG,278.0,0.0004468037,0.9990459,0.00050728157,0.00063220755,0.9984402,0.0009275995,0.405,0.26,0.335,0.755,0.2416666666666666,0.0033333333333333,62.48,8.49,29.03
316,Darnell Mooney,2025.0,WR,ATL,139.5,0.00060099113,0.9988918,0.0005072033,0.0009494545,0.9980982,0.0009523628,0.395,0.3316666666666666,0.2733333333333333,0.945,0.04,0.015,59.22,7.24,33.54
317,Davante Adams,2025.0,WR,LV,40.3,0.003704247,0.99491173,0.001384036,0.9884533,0.005114226,0.0064324294,0.5083333333333333,0.1866666666666666,0.305,0.4883333333333333,0.0116666666666666,0.5,29.96,20.32,49.72
323,David Bell,2025.0,WR,CLE,677.0,0.00047905787,0.99901724,0.00050370937,0.001968717,0.0039027582,0.9941286,0.46,0.3016666666666667,0.2383333333333333,0.5383333333333333,0.4616666666666666,0.0,44.16,30.82,25.02
324,David Moore,2025.0,WR,CAR,436.0,0.00062855426,0.99887735,0.00049409334,0.0019163485,0.004315026,0.9937687,0.4583333333333333,0.2516666666666666,0.29,0.6583333333333333,0.3416666666666667,0.0,39.91,32.11,27.98
325,DeAndre Carter,2025.0,WR,CHI,528.0,0.0004512233,0.9990451,0.0005037234,0.0020297966,0.0023077445,0.9956625,0.4333333333333333,0.2816666666666667,0.285,0.4933333333333333,0.5066666666666667,0.0,44.74,32.03,23.23
326,DeAndre Hopkins,2025.0,WR,KC,205.8,0.0004464336,0.99904984,0.00050372584,0.0023674415,0.993731,0.003901586,0.39,0.1933333333333333,0.4166666666666667,0.8283333333333334,0.1683333333333333,0.0033333333333333,58.86,10.61,30.53
332,Dee Eskridge,2025.0,WR,,656.0,0.00047906244,0.9990268,0.0004941672,0.0020199458,0.0025882754,0.9953917,0.4483333333333333,0.31,0.2416666666666666,0.5166666666666667,0.4833333333333333,0.0,44.87,30.94,24.19
333,Deebo Samuel Sr.,2025.0,WR,,84.0,0.00059267797,0.99889463,0.0005127044,0.0021150198,0.9942827,0.0036022896,0.4133333333333333,0.3716666666666666,0.215,0.7416666666666667,0.1466666666666666,0.1116666666666666,62.79,8.27,28.94
334,Demarcus Robinson,2025.0,WR,LA,408.3,0.00050534715,0.99899703,0.00049764273,0.0029398007,0.01183782,0.9852224,0.455,0.2433333333333333,0.3016666666666667,0.8,0.195,0.005,36.23,32.31,31.46
335,DeMario Douglas,2025.0,WR,,205.2,0.00047277444,0.9990331,0.00049417035,0.0007971704,0.9979234,0.0012794033,0.4383333333333333,0.4016666666666666,0.16,0.785,0.1683333333333333,0.0466666666666666,64.17,5.21,30.62
336,Derius Davis,2025.0,WR,LAC,449.0,0.00047906244,0.9990268,0.0004941672,0.002458251,0.005804032,0.9917378,0.4266666666666667,0.2366666666666666,0.3366666666666666,0.7083333333333334,0.2883333333333333,0.0033333333333333,38.25,33.31,28.45
337,Devin Duvernay,2025.0,WR,JAX,610.0,0.00047906244,0.9990268,0.0004941672,0.002178964,0.0050521647,0.9927689,0.475,0.23,0.295,0.5283333333333333,0.4716666666666667,0.0,42.64,32.21,25.15
338,DeVonta Smith,2025.0,WR,PHI,57.7,0.0016828583,0.9976851,0.0006321097,0.0033829405,0.99302894,0.0035880744,0.5133333333333333,0.245,0.2416666666666666,0.8216666666666667,0.035,0.1433333333333333,56.77,9.73,33.5
339,Diontae Johnson,2025.0,WR,BAL,296.7,0.00047906244,0.9990268,0.0004941672,0.0011020123,0.9966725,0.0022254998,0.28,0.3483333333333333,0.3716666666666666,0.7966666666666666,0.19,0.0133333333333333,63.35,9.69,26.96
351,DJ Moore,2025.0,WR,,49.7,0.00068643334,0.99861896,0.00069458835,0.007342977,0.9859491,0.006707926,0.4783333333333333,0.2816666666666667,0.24,0.795,0.0383333333333333,0.1666666666666666,57.61,10.35,32.03
352,DK Metcalf,2025.0,WR,,49.3,0.0019922722,0.9974033,0.0006044274,0.0034960206,0.99300635,0.003497648,0.3266666666666666,0.275,0.3983333333333333,0.8116666666666666,0.0366666666666666,0.1516666666666666,57.55,13.85,28.6
353,Dontayvion Wicks,2025.0,WR,GB,316.0,0.0004772161,0.9990114,0.0005113123,0.0035380926,0.008039306,0.9884226,0.3816666666666666,0.325,0.2933333333333333,0.695,0.3033333333333333,0.0016666666666666,40.88,32.1,27.02
354,Drake London,2025.0,WR,ATL,19.2,0.94579184,0.024818981,0.029389178,0.9913736,0.0054290523,0.0031973133,0.6016666666666667,0.125,0.2733333333333333,0.4566666666666666,0.0116666666666666,0.5316666666666666,4.17,20.94,74.89
355,Dyami Brown,2025.0,WR,WAS,292.8,0.0004757985,0.99902046,0.000503711,0.0014184072,0.99613285,0.0024487085,0.435,0.245,0.32,0.7466666666666667,0.25,0.0033333333333333,62.25,8.16,29.59
356,Elijah Moore,2025.0,WR,CLE,307.3,0.00042260802,0.9990701,0.00050729385,0.0031350686,0.0052760155,0.9915889,0.3466666666666667,0.425,0.2283333333333333,0.68,0.3183333333333333,0.0016666666666666,43.69,30.55,25.76
357,Erik Ezukanma,2025.0,WR,MIA,838.0,0.00047906244,0.9990268,0.0004941672,0.0019523164,0.0060735764,0.99197406,0.3966666666666666,0.2983333333333333,0.305,0.59,0.405,0.005,42.71,32.56,24.73
358,Gabe Davis,2025.0,WR,,325.0,0.0006242783,0.99888164,0.00049409544,0.0022370366,0.007468656,0.99029434,0.39,0.3883333333333333,0.2216666666666666,0.7033333333333334,0.2816666666666667,0.015,41.91,30.69,27.4
359,Garrett Wilson,2025.0,WR,NYJ,40.3,0.0023738628,0.9964814,0.0011447181,0.9855592,0.009519038,0.0049216924,0.4966666666666666,0.215,0.2883333333333333,0.4916666666666666,0.01,0.4983333333333333,30.78,19.82,49.41
360,George Pickens,2025.0,WR,PIT,65.7,0.0016118613,0.9978065,0.0005816957,0.0024814461,0.9947752,0.0027433753,0.34,0.2566666666666666,0.4033333333333333,0.8016666666666666,0.0383333333333333,0.16,57.19,14.17,28.64
361,Greg Dortch,2025.0,WR,ARI,469.0,0.0004464379,0.9990594,0.0004941834,0.0043892968,0.0061881184,0.9894226,0.485,0.3116666666666666,0.2033333333333333,0.7383333333333333,0.26,0.0016666666666666,39.42,29.87,30.7
362,Ihmir Smith-Marsette,2025.0,WR,NYG,820.0,0.00047905787,0.99901724,0.00050370937,0.0019758984,0.0041694697,0.99385464,0.4766666666666667,0.2316666666666666,0.2916666666666667,0.505,0.495,0.0,43.25,32.15,24.6
363,Irvin Charles,2025.0,WR,NYJ,841.0,0.0005920392,0.9989139,0.0004941114,0.0020286632,0.0023199546,0.9956514,0.4333333333333333,0.245,0.3216666666666666,0.5833333333333334,0.4166666666666667,0.0,41.57,32.95,25.48
364,Isaiah Hodgins,2025.0,WR,NYG,614.0,0.00047905787,0.99901724,0.00050370937,0.0020010206,0.0041849175,0.9938141,0.46,0.23,0.31,0.495,0.505,0.0,43.46,32.61,23.94
365,Jahan Dotson,2025.0,WR,PHI,333.3,0.0004512233,0.9990451,0.0005037234,0.0021788848,0.0034068334,0.9944142,0.4766666666666667,0.23,0.2933333333333333,0.6466666666666666,0.3516666666666667,0.0016666666666666,39.6,32.25,28.15
366,Jake Bobo,2025.0,WR,SEA,385.7,0.00045122762,0.9990546,0.000494181,0.002391573,0.0031354746,0.9944729,0.4883333333333333,0.22,0.2916666666666667,0.6666666666666666,0.3316666666666666,0.0016666666666666,38.85,32.21,28.95
367,Jakobi Meyers,2025.0,WR,LV,90.8,0.00046597718,0.9989524,0.0005815665,0.0019174962,0.99639577,0.0016867386,0.4816666666666667,0.215,0.3033333333333333,0.8266666666666667,0.0266666666666666,0.1466666666666666,55.93,11.31,32.77
368,Jalen Brooks,2025.0,WR,DAL,517.0,0.00047905787,0.99901724,0.00050370937,0.0018558529,0.0038814612,0.99426264,0.4933333333333333,0.1966666666666666,0.31,0.5233333333333333,0.4766666666666667,0.0,41.91,32.62,25.48
369,Jalen Nailor,2025.0,WR,MIN,322.0,0.00047905787,0.99901724,0.00050370937,0.0026530186,0.006139036,0.99120796,0.4316666666666666,0.2333333333333333,0.335,0.6916666666666667,0.3066666666666666,0.0016666666666666,38.63,33.21,28.16
370,Jalen Reagor,2025.0,WR,LAC,628.0,0.0004481575,0.9990577,0.0004941825,0.0019391136,0.002405778,0.99565506,0.4433333333333333,0.2683333333333333,0.2883333333333333,0.5016666666666667,0.4983333333333333,0.0,44.2,32.11,23.68
371,Jalen Tolbert,2025.0,WR,DAL,280.0,0.00050534226,0.9989874,0.0005072519,0.0009563863,0.99760735,0.0014362811,0.4116666666666667,0.2166666666666666,0.3716666666666666,0.8633333333333333,0.1266666666666666,0.01,58.5,9.59,31.91
372,Jalin Hyatt,2025.0,WR,NYG,389.7,0.00047905787,0.99901724,0.00050370937,0.0023898918,0.0054494333,0.9921606,0.4466666666666666,0.26,0.2933333333333333,0.7416666666666667,0.2566666666666666,0.0016666666666666,38.03,32.19,29.78
373,Ja'Marr Chase,2025.0,WR,CIN,1.0,0.017707895,0.02689156,0.9554006,0.9874906,0.0077546313,0.0047548045,0.4966666666666666,0.2733333333333333,0.23,0.7583333333333333,0.0216666666666666,0.22,8.24,35.25,56.5
374,Jameson Williams,2025.0,WR,DET,60.2,0.0006112889,0.99878913,0.00059964583,0.002053347,0.99596244,0.0019842715,0.5066666666666667,0.24,0.2533333333333333,0.7983333333333333,0.06,0.1416666666666666,57.37,9.94,32.69
375,Jauan Jennings,2025.0,WR,SF,109.7,0.00065507914,0.9988508,0.0004940802,0.0015695712,0.9968105,0.0016198882,0.375,0.2916666666666667,0.3333333333333333,0.9116666666666666,0.0366666666666666,0.0516666666666666,58.1,9.68,32.22
376,Jaxon Smith-Njigba,2025.0,WR,SEA,34.5,0.0022867008,0.9964419,0.0012713353,0.98629063,0.008905321,0.0048040147,0.5833333333333334,0.175,0.2416666666666666,0.4733333333333333,0.01,0.5166666666666667,29.76,19.11,51.13
377,Jayden Reed,2025.0,WR,GB,129.0,0.00048340324,0.99900526,0.00051130913,0.0017733992,0.9954123,0.0028143213,0.4266666666666667,0.3766666666666666,0.1966666666666666,0.8983333333333333,0.07,0.0316666666666666,61.03,5.79,33.18
378,Jaylen Waddle,2025.0,WR,MIA,72.2,0.0004951097,0.9989575,0.0005473574,0.00083293504,0.99799573,0.0011713579,0.4,0.3616666666666667,0.2383333333333333,0.7883333333333333,0.1333333333333333,0.0783333333333333,62.3,7.96,29.74
379,Jerry Jeudy,2025.0,WR,CLE,74.5,0.0005111895,0.9987882,0.0007007068,0.006387556,0.98788774,0.005724717,0.51,0.22,0.27,0.82,0.0283333333333333,0.1516666666666666,55.88,10.7,33.42
380,John Metchie III,2025.0,WR,,368.7,0.00045394752,0.99905187,0.00049417967,0.0022117747,0.0028391827,0.994949,0.435,0.4116666666666667,0.1533333333333333,0.7116666666666667,0.2866666666666667,0.0016666666666666,42.51,28.76,28.73
381,Jonathan Mingo,2025.0,WR,CAR,494.3,0.0005969472,0.998909,0.000494109,0.0020024271,0.0026218393,0.99537575,0.4966666666666666,0.2583333333333333,0.245,0.69,0.31,0.0,39.25,31.02,29.73
387,Jordan Addison,2025.0,WR,MIN,95.7,0.00059713866,0.9988863,0.0005165653,0.0019795345,0.9961223,0.0018981814,0.4583333333333333,0.305,0.2366666666666666,0.8266666666666667,0.035,0.1383333333333333,58.38,9.44,32.19
388,Josh Downs,2025.0,WR,IND,127.3,0.00055238756,0.99895346,0.000494131,0.0016184556,0.9958553,0.0025262455,0.4433333333333333,0.3866666666666666,0.17,0.935,0.0483333333333333,0.0166666666666666,60.75,4.74,34.51
389,Josh Reynolds,2025.0,WR,DEN,411.0,0.00047906244,0.9990268,0.0004941672,0.0020860012,0.0045589944,0.99335504,0.4366666666666666,0.2733333333333333,0.29,0.6533333333333333,0.3466666666666667,0.0,40.59,32.1,27.31
395,JuJu Smith-Schuster,2025.0,WR,KC,308.7,0.00060296553,0.99889344,0.00050364697,0.0025303422,0.0039403928,0.99352926,0.4533333333333333,0.2516666666666666,0.295,0.69,0.3083333333333333,0.0016666666666666,39.07,32.27,28.66
396,Justin Jefferson,2025.0,WR,MIN,5.0,0.015723526,0.023550902,0.96072555,0.99083763,0.005951671,0.0032106552,0.6116666666666667,0.145,0.2433333333333333,0.4616666666666666,0.01,0.5283333333333333,4.61,43.39,52.0
397,Justin Watson,2025.0,WR,KC,415.5,0.00060296553,0.99889344,0.00050364697,0.002615672,0.007814579,0.98956966,0.425,0.2233333333333333,0.3516666666666667,0.695,0.3033333333333333,0.0016666666666666,38.33,33.59,28.08
398,Justyn Ross,2025.0,WR,KC,845.0,0.0004512233,0.9990451,0.0005037234,0.0020286632,0.0023199546,0.9956514,0.4383333333333333,0.2466666666666666,0.315,0.5983333333333334,0.4016666666666666,0.0,41.24,32.78,25.98
399,Kadarius Toney,2025.0,WR,CLE,422.0,0.0004512233,0.9990451,0.0005037234,0.0023528843,0.0029126345,0.9947345,0.4566666666666666,0.235,0.3083333333333333,0.7216666666666667,0.275,0.0033333333333333,37.8,32.67,29.53
400,Kalif Raymond,2025.0,WR,DET,413.3,0.0004512233,0.9990451,0.0005037234,0.0023104514,0.0028839398,0.99480563,0.4416666666666666,0.3,0.2583333333333333,0.7133333333333334,0.285,0.0016666666666666,39.67,31.38,28.94
401,KaVontae Turpin,2025.0,WR,DAL,277.5,0.00044815318,0.99904805,0.0005037249,0.0023427554,0.99368614,0.0039711124,0.3966666666666666,0.3733333333333333,0.23,0.8066666666666666,0.19,0.0033333333333333,63.9,5.95,30.15
402,Kayshon Boutte,2025.0,WR,NE,327.8,0.00058317254,0.99892265,0.00049411575,0.0036520958,0.016564798,0.9797831,0.38,0.2416666666666666,0.3783333333333333,0.785,0.2116666666666666,0.0033333333333333,36.72,34.05,29.23
403,Keenan Allen,2025.0,WR,CHI,146.8,0.0006140778,0.9988788,0.0005071967,0.00083108974,0.9982993,0.0008695798,0.445,0.2716666666666666,0.2833333333333333,0.9183333333333332,0.0566666666666666,0.025,58.14,7.74,34.12
404,Kendric Pryor,2025.0,WR,CIN,846.0,0.0004512233,0.9990451,0.0005037234,0.0019344307,0.0023045132,0.9957611,0.4816666666666667,0.2333333333333333,0.285,0.5666666666666667,0.4333333333333333,0.0,41.7,32.03,26.27
405,Kendrick Bourne,2025.0,WR,NE,506.5,0.00045122762,0.9990546,0.000494181,0.0020055105,0.0028918542,0.99510264,0.445,0.3283333333333333,0.2266666666666666,0.4316666666666666,0.5666666666666667,0.0016666666666666,47.42,30.6,21.98
406,Kevin Austin Jr.,2025.0,WR,,682.0,0.0004481575,0.9990577,0.0004941825,0.0019618112,0.0024386793,0.9955995,0.5033333333333333,0.2833333333333333,0.2133333333333333,0.5416666666666666,0.4583333333333333,0.0,43.58,30.24,26.19
407,KhaDarel Hodge,2025.0,WR,ATL,530.0,0.0004512233,0.9990451,0.0005037234,0.002308848,0.0027658485,0.99492526,0.455,0.26,0.285,0.5183333333333333,0.4816666666666667,0.0,43.59,32.01,24.4
408,Khalil Shakir,2025.0,WR,BUF,105.7,0.00047459544,0.9990313,0.0004941695,0.001479343,0.9964263,0.0020944292,0.5433333333333333,0.3266666666666666,0.13,0.8483333333333334,0.0816666666666666,0.07,60.09,5.06,34.84
409,K.J. Osborn,2025.0,WR,NE,627.0,0.00047906244,0.9990268,0.0004941672,0.0019451709,0.0039439877,0.99411076,0.4033333333333333,0.3066666666666666,0.29,0.5066666666666667,0.4933333333333333,0.0,45.07,32.12,22.81
411,Laviska Shenault Jr.,2025.0,WR,LAC,623.0,0.0005996867,0.99890625,0.0004941076,0.0020202529,0.0024367287,0.99554306,0.415,0.265,0.32,0.5616666666666666,0.4383333333333333,0.0,42.62,32.9,24.48
413,Lil'Jordan Humphrey,2025.0,WR,DEN,451.5,0.00058801164,0.99891794,0.00049411337,0.0022528968,0.0031956467,0.9945515,0.3916666666666666,0.3383333333333333,0.27,0.7266666666666667,0.2716666666666666,0.0016666666666666,40.3,31.67,28.03
414,Mack Hollins,2025.0,WR,BUF,407.7,0.00062614284,0.99887973,0.0004940945,0.0025835747,0.010643753,0.9867727,0.4833333333333333,0.2083333333333333,0.3083333333333333,0.62,0.3766666666666666,0.0033333333333333,39.86,32.47,27.66
415,Malik Heath,2025.0,WR,GB,582.0,0.00045301166,0.9990528,0.00049418013,0.0019065209,0.0020939875,0.9959996,0.4533333333333333,0.255,0.2916666666666667,0.42,0.58,0.0,45.9,32.2,21.89
416,Marquez Valdes-Scantling,2025.0,WR,BUF,326.7,0.00047906244,0.9990268,0.0004941672,0.0021759528,0.0077749016,0.9900491,0.3666666666666666,0.265,0.3683333333333333,0.8,0.1966666666666666,0.0033333333333333,36.71,34.06,29.23
422,Marquise Brown,2025.0,WR,KC,170.3,0.0004512233,0.9990451,0.0005037234,0.0018431264,0.99437135,0.0037855844,0.405,0.39,0.205,0.76,0.225,0.015,65.21,5.61,29.18
423,Marvin Mims Jr.,2025.0,WR,,151.7,0.00047277444,0.9990331,0.00049417035,0.0015904414,0.9957841,0.0026254123,0.4566666666666666,0.3883333333333333,0.155,0.8083333333333333,0.1816666666666666,0.01,64.12,4.2,31.68
424,Michael Wilson,2025.0,WR,ARI,279.8,0.00044552248,0.99905676,0.0004976725,0.0004659729,0.99885035,0.0006836932,0.4183333333333333,0.165,0.4166666666666667,0.815,0.1816666666666666,0.0033333333333333,58.61,10.53,30.86
425,Mike Evans,2025.0,WR,TB,40.0,0.0057197306,0.99315757,0.0011227112,0.9909512,0.0034807324,0.0055680806,0.4716666666666667,0.205,0.3233333333333333,0.4916666666666666,0.0116666666666666,0.4966666666666666,30.33,20.67,49.0
426,Nick Westbrook-Ikhine,2025.0,WR,TEN,308.5,0.0005138318,0.998992,0.00049415004,0.0030620336,0.007055228,0.98988277,0.4333333333333333,0.21,0.3566666666666667,0.8433333333333334,0.1316666666666666,0.025,33.69,34.3,32.01
427,Nico Collins,2025.0,WR,HOU,13.2,0.20295912,0.030831784,0.76620907,0.98864335,0.006370159,0.0049865614,0.425,0.2316666666666666,0.3433333333333333,0.4966666666666666,0.015,0.4883333333333333,7.1,40.07,52.83
428,Nikko Remigio,2025.0,WR,KC,450.5,0.0013874526,0.99797755,0.00063495047,0.0028658991,0.004018132,0.99311596,0.4166666666666667,0.3366666666666666,0.2466666666666666,0.7666666666666667,0.1683333333333333,0.065,37.67,32.64,29.69
429,Noah Brown,2025.0,WR,WAS,407.5,0.00062854827,0.99886787,0.00050363404,0.0022765426,0.00705667,0.9906668,0.3833333333333333,0.335,0.2816666666666667,0.7033333333333334,0.2933333333333333,0.0033333333333333,40.86,31.9,27.24
430,Odell Beckham Jr.,2025.0,WR,MIA,305.5,0.00045122762,0.9990546,0.000494181,0.005155505,0.21344689,0.7813976,0.39,0.285,0.325,0.7466666666666667,0.25,0.0033333333333333,43.69,27.76,28.56
431,Olamide Zaccheaus,2025.0,WR,WAS,349.7,0.0004512233,0.9990451,0.0005037234,0.004616554,0.006840343,0.98854315,0.5333333333333333,0.3116666666666666,0.155,0.7166666666666667,0.2766666666666666,0.0066666666666666,39.86,28.77,31.38
432,Parker Washington,2025.0,WR,JAX,370.5,0.000475803,0.99903,0.00049416884,0.0030282193,0.0067042373,0.9902676,0.415,0.2466666666666666,0.3383333333333333,0.7383333333333333,0.255,0.0066666666666666,37.69,33.39,28.92
433,Puka Nacua,2025.0,WR,LA,11.3,0.022518573,0.028659243,0.9488222,0.9804668,0.01296062,0.0065726247,0.5016666666666667,0.2866666666666667,0.2116666666666666,0.6166666666666667,0.015,0.3683333333333333,8.58,38.38,53.03
434,Quentin Johnston,2025.0,WR,LAC,234.6,0.0005125282,0.99899334,0.0004941507,0.0025140075,0.99465644,0.0028295508,0.5066666666666667,0.2516666666666666,0.2416666666666666,0.9166666666666666,0.0566666666666666,0.0266666666666666,57.55,6.79,35.66
435,Rakim Jarrett,2025.0,WR,TB,732.0,0.0004512233,0.9990451,0.0005037234,0.0019381774,0.0022666375,0.99579525,0.4266666666666667,0.285,0.2883333333333333,0.4666666666666667,0.5333333333333333,0.0,45.49,32.12,22.39
436,Rashee Rice,2025.0,WR,KC,71.2,0.0009672366,0.99832696,0.0007058067,0.008628171,0.97801876,0.0133529855,0.4266666666666667,0.3083333333333333,0.265,0.8183333333333334,0.0416666666666666,0.14,58.16,10.48,31.36
437,Rashid Shaheed,2025.0,WR,NO,145.5,0.0010373222,0.998445,0.0005176691,0.0014797106,0.995719,0.002801281,0.4066666666666667,0.3133333333333333,0.28,0.885,0.0716666666666666,0.0433333333333333,59.48,8.17,32.35
438,Rashod Bateman,2025.0,WR,BAL,172.2,0.000547185,0.9989587,0.00049413356,0.00083636754,0.9980293,0.0011342852,0.43,0.265,0.305,0.8816666666666667,0.1066666666666666,0.0116666666666666,59.22,7.96,32.83
439,Robbie Chosen,2025.0,WR,MIA,573.0,0.00045122762,0.9990546,0.000494181,0.0020336462,0.002423335,0.99554306,0.4716666666666667,0.2733333333333333,0.255,0.5916666666666667,0.4083333333333333,0.0,42.08,31.28,26.65
440,Robert Woods,2025.0,WR,HOU,447.0,0.00045187323,0.9990539,0.00049418065,0.0023082434,0.002753744,0.994938,0.52,0.2333333333333333,0.2466666666666666,0.68,0.3183333333333333,0.0016666666666666,38.84,31.09,30.07
441,Romeo Doubs,2025.0,WR,GB,203.7,0.00047906244,0.9990268,0.0004941672,0.00096221815,0.9972416,0.0017962103,0.3216666666666666,0.32,0.3583333333333333,0.8633333333333333,0.1283333333333333,0.0083333333333333,61.12,9.22,29.66
442,Ronnie Bell,2025.0,WR,SF,526.0,0.00047906244,0.9990268,0.0004941672,0.0020590287,0.00459888,0.9933421,0.4183333333333333,0.2916666666666667,0.29,0.5616666666666666,0.4383333333333333,0.0,43.34,32.1,24.56
443,Ryan Miller,2025.0,WR,TB,538.0,0.00059203355,0.99890435,0.00050365244,0.0022343162,0.003384766,0.9943809,0.47,0.2133333333333333,0.3166666666666666,0.4066666666666667,0.5933333333333334,0.0,45.22,32.79,21.99
444,Simi Fehoko,2025.0,WR,LAC,643.0,0.00062855426,0.99887735,0.00049409334,0.001991144,0.0047350815,0.99327374,0.4316666666666666,0.2916666666666667,0.2766666666666666,0.4966666666666666,0.5033333333333333,0.0,44.97,31.76,23.27
445,Skyy Moore,2025.0,WR,KC,417.0,0.00047905787,0.99901724,0.00050370937,0.0025424673,0.0033941178,0.99406344,0.45,0.235,0.315,0.7266666666666667,0.27,0.0033333333333333,37.69,32.82,29.49
446,Stefon Diggs,2025.0,WR,HOU,87.5,0.00055181835,0.99894494,0.0005032501,0.00111386,0.9970091,0.001877037,0.3766666666666666,0.36,0.2633333333333333,0.8233333333333334,0.0483333333333333,0.1283333333333333,60.11,9.85,30.04
447,Sterling Shepard,2025.0,WR,TB,399.0,0.00045496447,0.99904126,0.0005037215,0.0024781986,0.0032315082,0.99429023,0.3933333333333333,0.365,0.2416666666666666,0.63,0.37,0.0,43.43,30.91,25.66
448,Tank Dell,2025.0,WR,HOU,324.0,0.00047906244,0.9990268,0.0004941672,0.0017900333,0.0036193961,0.99459064,0.35,0.365,0.285,0.7983333333333333,0.1983333333333333,0.0033333333333333,39.15,32.09,28.77
449,Tee Higgins,2025.0,WR,CIN,31.3,0.0046502855,0.9941034,0.0012463505,0.9924319,0.0028972256,0.0046708686,0.4383333333333333,0.24,0.3216666666666666,0.5183333333333333,0.0133333333333333,0.4683333333333333,31.26,19.9,48.84
450,Terrace Marshall Jr.,2025.0,WR,LV,469.0,0.00047906244,0.9990268,0.0004941672,0.002004759,0.0023244312,0.9956708,0.4566666666666666,0.2483333333333333,0.295,0.7183333333333334,0.2783333333333333,0.0033333333333333,38.2,32.36,29.44
451,Terry McLaurin,2025.0,WR,WAS,39.3,0.0064253635,0.99219996,0.0013746361,0.984144,0.012080727,0.0037753284,0.515,0.185,0.3,0.5216666666666666,0.01,0.4683333333333333,29.98,19.34,50.68
452,Tim Jones,2025.0,WR,JAX,501.0,0.00045122762,0.9990546,0.000494181,0.0019768183,0.002489526,0.9955337,0.5066666666666667,0.24,0.2533333333333333,0.5916666666666667,0.405,0.0033333333333333,41.16,31.32,27.52
453,Tim Patrick,2025.0,WR,DET,433.7,0.0004512233,0.9990451,0.0005037234,0.0025104424,0.0036505444,0.9938391,0.4566666666666666,0.2583333333333333,0.285,0.685,0.3133333333333333,0.0016666666666666,39.36,32.03,28.62
454,Tom Kennedy,2025.0,WR,DET,607.0,0.0004512233,0.9990451,0.0005037234,0.0020884117,0.0024431576,0.9954684,0.45,0.255,0.295,0.57,0.43,0.0,42.16,32.27,25.56
455,Tre Tucker,2025.0,WR,LV,294.5,0.000446808,0.99905556,0.00049767183,0.00078554254,0.9980731,0.0011412987,0.4016666666666666,0.2966666666666667,0.3016666666666667,0.76,0.2366666666666666,0.0033333333333333,63.26,7.67,29.07
456,Trent Taylor,2025.0,WR,SF,486.0,0.00047906244,0.9990268,0.0004941672,0.0019082029,0.004100451,0.9939913,0.455,0.24,0.305,0.6983333333333334,0.2966666666666667,0.005,38.49,32.61,28.89
457,Trenton Irwin,2025.0,WR,CIN,602.0,0.0004512233,0.9990451,0.0005037234,0.0022203336,0.0026875762,0.99509203,0.4233333333333333,0.2866666666666667,0.29,0.6033333333333334,0.3966666666666666,0.0,42.13,32.14,25.73
458,Trey Palmer,2025.0,WR,TB,516.5,0.00047905787,0.99901724,0.00050370937,0.0018551466,0.0042606117,0.99388427,0.4716666666666667,0.1666666666666666,0.3616666666666667,0.4933333333333333,0.5066666666666667,0.0,41.92,33.9,24.18
459,Tutu Atwell,2025.0,WR,LA,315.3,0.00047906244,0.9990268,0.0004941672,0.00318044,0.0047898367,0.99202967,0.3583333333333333,0.3433333333333333,0.2983333333333333,0.6566666666666666,0.34,0.0033333333333333,42.18,32.35,25.47
460,Tylan Wallace,2025.0,WR,BAL,434.5,0.00047906244,0.9990268,0.0004941672,0.0025231515,0.0067709787,0.9907059,0.45,0.2266666666666666,0.3233333333333333,0.6633333333333333,0.335,0.0016666666666666,39.19,32.91,27.91
461,Tyler Boyd,2025.0,WR,TEN,805.0,0.00047906244,0.9990268,0.0004941672,0.0029725067,0.0040057264,0.9930218,0.5033333333333333,0.3266666666666666,0.17,0.3516666666666667,0.6483333333333333,0.0,49.45,29.09,21.46
462,Tyler Johnson,2025.0,WR,LA,513.0,0.00047906244,0.9990268,0.0004941672,0.0020012907,0.004732266,0.99326646,0.47,0.3016666666666667,0.2283333333333333,0.4683333333333333,0.5316666666666666,0.0,45.93,30.55,23.52
463,Tyler Lockett,2025.0,WR,SEA,242.0,0.00047722427,0.99902856,0.00049416814,0.00047278643,0.9988084,0.00071888685,0.35,0.325,0.325,0.7833333333333333,0.215,0.0016666666666666,63.45,8.2,28.36
464,Tyquan Thornton,2025.0,WR,NE,408.3,0.00047906244,0.9990268,0.0004941672,0.0023438928,0.0030223397,0.9946338,0.485,0.2733333333333333,0.2416666666666666,0.7266666666666667,0.2716666666666666,0.0016666666666666,38.68,30.96,30.36
465,Tyreek Hill,2025.0,WR,MIA,32.5,0.0025958936,0.99611807,0.001285999,0.9764708,0.018314233,0.005214926,0.3916666666666666,0.3666666666666666,0.2416666666666666,0.5133333333333333,0.0133333333333333,0.4733333333333333,34.86,18.04,47.1
466,Tyrell Shavers,2025.0,WR,BUF,428.7,0.0006751122,0.99883085,0.00049407035,0.0025698612,0.0027004762,0.99472964,0.4716666666666667,0.285,0.2433333333333333,0.7716666666666666,0.1916666666666666,0.0366666666666666,36.95,31.88,31.16
467,Van Jefferson,2025.0,WR,PIT,438.0,0.00047905787,0.99901724,0.00050370937,0.002870862,0.005957517,0.99117166,0.48,0.2783333333333333,0.2416666666666666,0.69,0.31,0.0,39.83,30.83,29.33
468,Wan'Dale Robinson,2025.0,WR,NYG,189.3,0.0004243641,0.9990645,0.00051114033,0.0014287519,0.9970944,0.0014768894,0.435,0.34,0.225,0.8066666666666666,0.1516666666666666,0.0416666666666666,62.2,6.72,31.09
469,Xavier Gipson,2025.0,WR,NYJ,711.0,0.00045122762,0.9990546,0.000494181,0.0022286302,0.0028101997,0.99496114,0.4533333333333333,0.2366666666666666,0.31,0.515,0.485,0.0,43.09,32.64,24.28
470,Xavier Hutchinson,2025.0,WR,HOU,491.5,0.00047906244,0.9990268,0.0004941672,0.0021210185,0.004630928,0.9932481,0.5016666666666667,0.2216666666666666,0.2766666666666666,0.7266666666666667,0.2716666666666666,0.0016666666666666,37.42,31.8,30.77
471,Xavier Smith,2025.0,WR,LA,700.0,0.00045122762,0.9990546,0.000494181,0.0020285551,0.0023731326,0.9955983,0.5,0.22,0.28,0.5433333333333333,0.4566666666666666,0.0,41.95,31.9,26.15
472,Zay Flowers,2025.0,WR,BAL,61.8,0.0007040642,0.9987179,0.0005780681,0.0022550903,0.99574584,0.0019990343,0.5283333333333333,0.28,0.1916666666666666,0.7816666666666666,0.0933333333333333,0.125,59.19,7.98,32.82
473,Zay Jones,2025.0,WR,ARI,492.7,0.00045496877,0.9990508,0.00049417914,0.001851833,0.0021471204,0.99600106,0.5016666666666667,0.245,0.2533333333333333,0.66,0.3383333333333333,0.0016666666666666,39.61,31.29,29.1
